actor_entropy,actor_loss,actor_target_entropy,alpha_loss,alpha_value,batch_reward,critic_entropy,critic_entropy_max,critic_entropy_min,critic_loss,critic_norm_entropy,critic_norm_entropy_max,critic_norm_entropy_min,duration,episode,episode_reward,labeled_feedback,step,total_feedback,true_episode_reward
-56.30058031373688,-138129.99698621786,-6.0,-6.3579223035360215,0.11865094636999174,-0.09729982121242536,6.881718641286856,24.932678763930863,0.5953408969598007,492312833.1512112,1.5960650615267329,5.725709825426012,0.14740398694510481,27.681583166122437,2.0,-122.50409800425405,0.0,2000,0.0,30.702979275770826
-127.42892378234863,-699340.874375,-6.0,-23.41040512275696,0.18740233498977169,-0.07456803249940276,4.930835913181305,29.059148571014404,8.418565133752054e-07,3171537846.976,0.9736947563886642,5.718587943077088,1.6601793730330882e-07,29.952215671539307,3.0,-23.335911827995005,0.0,3000,0.0,14.604735899939609
-130.7394927520752,-435945.255375,-6.0,-35.70354742622376,0.289750501589665,-0.10028526559472084,5.781346924066543,32.76144525909424,8.89668816739686e-07,930415854.688,1.0489680742025376,5.9614874680042265,1.618537768095507e-07,33.7573983669281,4.0,-53.121751708000374,0.0,4000,0.0,25.534201778420822
-96.75582457733154,-273887.171734375,-6.0,-36.53278308677673,0.40660650719982766,-0.1252063686698675,6.51336306810379,31.49946026802063,9.373973849733375e-07,501541145.84,1.108471011698246,5.359084268093109,1.5938837665885331e-07,38.60970067977905,5.0,-300.5007106261328,0.0,5000,0.0,80.90305323855273
-74.48870311355591,-192014.079453125,-6.0,-37.889882478713986,0.5570024935218572,-0.11210966656357049,5.676192209243775,29.77154718017578,9.7978078019878e-07,247555498.36,0.9399305989742279,4.930224856853485,1.6223228804790324e-07,41.20624017715454,6.0,-78.54582846409176,0.0,6000,0.0,56.23136957371422
-68.50283071899415,-141007.09184375,-6.0,-48.579483810424804,0.7765546231862003,-0.1319471128731966,6.347248429775238,29.39829803276062,1.041352768197612e-06,205209784.576,1.0363838976025581,4.800976058959961,1.7004858848679304e-07,46.733213663101196,7.0,-138.2369473326453,0.0,7000,0.0,63.05339322313914
-64.6210934867859,-144626.5912109375,-6.0,-65.55454746246338,1.1262395661084272,-0.14283516446501016,6.714949481964111,28.425214973449705,1.0963424845726876e-06,217598441.28,1.0851347956061363,4.593553428173065,1.771643710313242e-07,48.87105703353882,8.0,-300.00888328106885,0.0,8000,0.0,148.52414060109388
-45.801495044708254,-73414.3126953125,-6.0,-61.94027108764649,1.5723485058540243,-0.14010264424979688,6.52021872663498,27.73181057739258,1.1520411395053998e-06,67761805.058,1.0511411734819411,4.470726020336151,1.8572414564488327e-07,51.40885066986084,9.0,-104.18611160016735,0.0,9000,0.0,21.78889572400166
-32.919144886016845,-43617.717015625,-6.0,-56.12919424438476,2.106414218292901,-0.12852129890024663,5.985134038448334,27.2462376537323,1.2120602758614041e-06,26994645.593,0.9652653574943543,4.394207814216614,1.954785193234443e-07,54.533759355545044,10.0,-89.08853169175018,0.0,10000,0.0,55.965286664543164
1.1502233322896063,0.6702608392089605,-6.0,16.477145928382875,2.319268105154318,0.11689812356978654,0.0,0.0,0.0,159.68960486984253,0.0,0.0,0.0,35.16218161582947,11.0,-12.392697297444101,0.0,11000,0.0,23.589755997145243
3.0557059049606323,-13.912451863765716,-6.0,18.041751777648926,1.9944517523290821,0.11755969108641148,0.0,0.0,0.0,29.503095497131348,0.0,0.0,0.0,17.402368307113647,12.0,137.07985146608553,50.0,12000,50.0,46.084796033808054
3.4550516641139986,-23.790361278533936,-6.0,15.552769637107849,1.6456627251013838,0.11831109487265348,0.0,0.0,0.0,11.307855981111526,0.0,0.0,0.0,17.345234394073486,13.0,121.02422252472024,50.0,13000,50.0,29.397725945419175
3.643748128414154,-31.820859270095823,-6.0,12.840825312614442,1.3318299580870698,0.11851871661841869,0.0,0.0,0.0,5.551826565504074,0.0,0.0,0.0,17.335042238235474,14.0,125.32656355234212,50.0,14000,50.0,27.0195668872179
3.7262038226127623,-38.48220064163208,-6.0,10.396208486557008,1.0690116229459778,0.11874828443676233,0.0,0.0,0.0,3.424113661408424,0.0,0.0,0.0,17.184965133666992,15.0,118.78799320908729,50.0,15000,50.0,25.201573846605825
3.764408797264099,-43.88425465011597,-6.0,8.353513833999633,0.8555962996679592,0.11921996128559112,0.0,0.0,0.0,2.4525637893676757,0.0,0.0,0.0,17.220903158187866,16.0,118.34085300627703,50.0,16000,50.0,36.00026960009435
3.776684689760208,-48.173206020355224,-6.0,6.688856062412262,0.6841622685031147,0.11989522007852793,0.0,0.0,0.0,1.8092201457619668,0.0,0.0,0.0,17.36212468147278,17.0,135.6284191927407,50.0,17000,50.0,28.98636786301693
3.7857961649894714,-51.6244612197876,-6.0,5.353141129016876,0.5470397089353541,0.11993094348907471,0.0,0.0,0.0,1.4884799973368645,0.0,0.0,0.0,17.197381496429443,18.0,123.75833161198534,50.0,18000,50.0,29.805208315843352
3.7679500451087953,-54.28435482788086,-6.0,4.273039617300034,0.4374388974748594,0.12036159517616034,0.0,0.0,0.0,1.2437475335001946,0.0,0.0,0.0,17.34294629096985,19.0,117.48303992114961,50.0,19000,50.0,32.00687747000565
3.739940669298172,-56.03099050140381,-6.0,3.4085309748649597,0.3499381094195637,0.12010168014466763,0.0,0.0,0.0,1.079015656709671,0.0,0.0,0.0,17.378862380981445,20.0,124.17521038898849,50.0,20000,50.0,28.193268870484
3.6724391705989836,-57.13801749801636,-6.0,2.7094719710350037,0.280083102239779,0.12060793136060238,0.0,0.0,0.0,0.9236581153571606,0.0,0.0,0.0,27.041932106018066,21.0,126.33107611548621,50.0,21000,50.0,29.512694448092336
3.592592590332031,-57.99892436599731,-6.0,2.152410395860672,0.22433340482222605,0.12055498947948218,0.0,0.0,0.0,0.8186717081665993,0.0,0.0,0.0,17.337097883224487,22.0,126.35199197637849,50.0,22000,50.0,30.32345130796385
3.484479738473892,-58.44752945709229,-6.0,1.7057831486463546,0.1798033316062609,0.12052472984790802,0.0,0.0,0.0,0.7234721677303314,0.0,0.0,0.0,17.328309774398804,23.0,122.77276478812564,50.0,23000,50.0,29.47073936685603
3.3528355765342712,-58.48284320449829,-6.0,1.3492081505060196,0.14422974527052054,0.12089855331927538,0.0,0.0,0.0,0.6357456378936768,0.0,0.0,0.0,17.391246557235718,24.0,122.48881437879754,50.0,24000,50.0,29.269282947572044
3.2014354288578035,-58.40256408691406,-6.0,1.0654688907265664,0.11575747022958506,0.12110672685503959,0.0,0.0,0.0,0.5696043718159198,0.0,0.0,0.0,17.32936453819275,25.0,121.50207288822276,50.0,25000,50.0,29.11554247675896
3.014585955619812,-58.196932544708254,-6.0,0.8386059590578079,0.09299952890081943,0.12124985424429179,0.0,0.0,0.0,0.4955887692272663,0.0,0.0,0.0,17.38707399368286,26.0,128.54253973069717,50.0,26000,50.0,33.91119690911431
2.836501753330231,-57.84976295852661,-6.0,0.6608530208468437,0.07475658420470134,0.12168137143552303,0.0,0.0,0.0,0.4480509485453367,0.0,0.0,0.0,17.37366795539856,27.0,129.44165153436916,50.0,27000,50.0,25.227142131466852
2.5859830659627914,-57.39379388427734,-6.0,0.5167580619454384,0.06015006167747348,0.1218818582445383,0.0,0.0,0.0,0.39723878946900365,0.0,0.0,0.0,17.343727350234985,28.0,129.35983442896395,50.0,28000,50.0,27.44528515953921
2.2620938519239426,-56.84989810180664,-6.0,0.400932004481554,0.04849756280929465,0.12248131786286831,0.0,0.0,0.0,0.3592754959613085,0.0,0.0,0.0,17.354807376861572,29.0,133.73415123095037,50.0,29000,50.0,32.36505653324448
1.937448893725872,-56.1413610458374,-6.0,0.31110930325090885,0.03916243139816254,0.12308145489543676,0.0,0.0,0.0,0.3047960154414177,0.0,0.0,0.0,17.36092257499695,30.0,143.3121748759877,50.0,30000,50.0,32.61437540785821
1.2980291399806738,-55.33741384124756,-6.0,0.23214875619113445,0.031747994520326096,0.11776291181147099,0.0,0.0,0.0,0.29462345357239245,0.0,0.0,0.0,40.84495210647583,31.0,128.5962832759251,50.0,31000,50.0,27.2033326170917
0.7367548966594041,-54.57159275817871,-6.0,0.17475636638700962,0.02591121182067508,0.11764387878030538,0.0,0.0,0.0,0.26047292463481425,0.0,0.0,0.0,17.359312534332275,32.0,152.49314097809838,64.0,32000,64.0,26.449188403821122
0.25065190909616647,-53.73273013305664,-6.0,0.1324535630196333,0.02115171075988071,0.1187003176137805,0.0,0.0,0.0,0.23140938084572554,0.0,0.0,0.0,17.396201372146606,33.0,142.31362879469816,64.0,33000,64.0,27.816865317193617
-0.26385720873996615,-52.9540096282959,-6.0,0.09946217100322247,0.017304897305223478,0.11972118028253317,0.0,0.0,0.0,0.23600773702561856,0.0,0.0,0.0,17.390899658203125,34.0,139.18895045846148,64.0,34000,64.0,48.11709787305854
-0.7069557013846934,-52.20066166305542,-6.0,0.07516246642917394,0.014180837583915579,0.12161763937026263,0.0,0.0,0.0,0.20247701147198677,0.0,0.0,0.0,17.349576950073242,35.0,158.35835637244963,64.0,35000,64.0,34.61963012636246
-1.309082428999245,-51.45178035736084,-6.0,0.054734585355967286,0.011643621838057172,0.12336526384204625,0.0,0.0,0.0,0.19233614192903042,0.0,0.0,0.0,17.378346920013428,36.0,217.5387173074305,64.0,36000,64.0,28.770234887306696
-1.9451790016591548,-50.74345161819458,-6.0,0.039138098914176224,0.00962884385614559,0.12479292687028647,0.0,0.0,0.0,0.18900490768998862,0.0,0.0,0.0,17.41497302055359,37.0,156.55516916071065,64.0,37000,64.0,36.67513826816825
-2.693342087626457,-50.01586429977417,-6.0,0.026657066786661743,0.008035898690936443,0.12677863898128272,0.0,0.0,0.0,0.16789956501126288,0.0,0.0,0.0,17.37787127494812,38.0,180.31451865765848,64.0,38000,64.0,37.64278730007305
-3.441125975489616,-49.267786666870116,-6.0,0.017460104135796427,0.006789172177531309,0.12845628435909748,0.0,0.0,0.0,0.14875059873610735,0.0,0.0,0.0,17.423587322235107,39.0,229.73126113055332,64.0,39000,64.0,27.13464214946552
-4.132189755678177,-48.549832427978515,-6.0,0.010941007440909744,0.00584576445163776,0.12874825675040483,0.0,0.0,0.0,0.14785672899335622,0.0,0.0,0.0,17.38344407081604,40.0,144.89026508585084,64.0,40000,64.0,35.79669139372082
-4.834815166950226,-47.87834599685669,-6.0,0.0059803874187055045,0.005116024324958614,0.12996278429031372,0.0,0.0,0.0,0.13644374208897353,0.0,0.0,0.0,27.095242500305176,41.0,136.5594151403493,64.0,41000,64.0,38.812287470800435
-5.22561128282547,-47.208166343688966,-6.0,0.003555989003929426,0.004571001919337203,0.1320516410022974,0.0,0.0,0.0,0.1351383681036532,0.0,0.0,0.0,17.416402339935303,42.0,200.431473688368,64.0,42000,64.0,53.75764457737191
-5.729584254264831,-46.560058155059814,-6.0,0.0011472688939757063,0.004217963716918782,0.13430338560789823,0.0,0.0,0.0,0.13554001047089695,0.0,0.0,0.0,17.47273302078247,43.0,234.41530445034732,64.0,43000,64.0,61.08260874126962
-5.957481747627258,-45.937970706939694,-6.0,0.00017495804021746154,0.0041055689896342135,0.13710775536298753,0.0,0.0,0.0,0.10313686184585094,0.0,0.0,0.0,17.412906885147095,44.0,259.5943010071642,64.0,44000,64.0,59.32883966064755
-6.071156263828278,-45.32081453704834,-6.0,-0.0002935853518210934,0.004124047705676688,0.14169726575911046,0.0,0.0,0.0,0.09555053631961345,0.0,0.0,0.0,17.37948226928711,45.0,280.2965058366535,64.0,45000,64.0,35.71329636837254
-6.01032487821579,-44.74464316558838,-6.0,-4.275527413119562e-05,0.004156441640110427,0.1436271860226989,0.0,0.0,0.0,0.10458892460539937,0.0,0.0,0.0,17.55269765853882,46.0,287.86669986435027,64.0,46000,64.0,36.30740296719746
-6.0063430399894715,-44.22492539596558,-6.0,-2.5988047185819595e-05,0.004219891031510808,0.14730481354147196,0.0,0.0,0.0,0.09661261796206236,0.0,0.0,0.0,17.524478673934937,47.0,287.54186986136483,64.0,47000,64.0,82.74877490379762
-6.056750435829162,-43.74615017700195,-6.0,-0.00024433675800537456,0.004357865839776665,0.15070549888908863,0.0,0.0,0.0,0.08633597214519978,0.0,0.0,0.0,17.437530040740967,48.0,302.7228948046104,64.0,48000,64.0,86.23932530990652
-5.953370618343353,-43.287758762359616,-6.0,0.00020292931181029416,0.004346541619658747,0.1540704939737916,0.0,0.0,0.0,0.08149688081070781,0.0,0.0,0.0,17.495174169540405,49.0,312.89536771590065,64.0,49000,64.0,86.91777908654201
-5.998550904273987,-42.82588066482544,-6.0,7.332604029215872e-06,0.004289601909945445,0.15854656701534986,0.0,0.0,0.0,0.0880556073822081,0.0,0.0,0.0,17.415855407714844,50.0,325.09957314873463,64.0,50000,64.0,34.86622574870913
-6.371264093875885,-42.451265323638914,-6.0,-0.001772940155286051,0.004740019635220033,0.171285121306777,0.0,0.0,0.0,0.08242803119122982,0.0,0.0,0.0,45.04442739486694,51.0,337.44202345318627,64.0,51000,64.0,28.768726607940458
-5.858570053577423,-42.15011444854736,-6.0,0.0007269789165802649,0.005257284644935339,0.1721983788087964,0.0,0.0,0.0,0.08788992994651199,0.0,0.0,0.0,17.45010733604431,52.0,290.494987925631,88.0,52000,88.0,100.53783096215845
-5.774981216907501,-41.80232229614258,-6.0,0.0010484878200368256,0.004624138835475507,0.17663074315339328,0.0,0.0,0.0,0.0817844956740737,0.0,0.0,0.0,17.51819658279419,53.0,285.40057006667485,88.0,53000,88.0,72.11989825400616
-5.995316992282867,-41.44021849822998,-6.0,2.110392943723127e-05,0.0043548991315933315,0.17846334975212813,0.0,0.0,0.0,0.07584497272223234,0.0,0.0,0.0,17.409165143966675,54.0,330.09127675398486,88.0,54000,88.0,74.3729480280842
-6.092155571937561,-41.11462146759033,-6.0,-0.00041443409762723603,0.004520694963733984,0.18178001437336205,0.0,0.0,0.0,0.07425101903825998,0.0,0.0,0.0,17.49949884414673,55.0,362.38946856179973,88.0,55000,88.0,51.30941207626302
-6.033672041416168,-40.81582712554932,-6.0,-0.00015747490051580825,0.004722619152204996,0.18537040144205094,0.0,0.0,0.0,0.0768759114332497,0.0,0.0,0.0,17.608575582504272,56.0,355.3497356446642,88.0,56000,88.0,79.81043427030646
-6.0524141864776615,-40.53560244369507,-6.0,-0.00025294653767195995,0.004867084534027628,0.18922510503977538,0.0,0.0,0.0,0.0747223342768848,0.0,0.0,0.0,17.476619720458984,57.0,375.5240856788587,88.0,57000,88.0,53.769100481533165
-5.979385364055633,-40.28459990310669,-6.0,0.00010187409263016888,0.004840353627069776,0.19295705243945122,0.0,0.0,0.0,0.07299985134601593,0.0,0.0,0.0,17.591896057128906,58.0,400.5806984179653,88.0,58000,88.0,57.967778347443605
-6.041817603588104,-40.05525440979004,-6.0,-0.00020540141827223124,0.004945846559371125,0.19687027382850647,0.0,0.0,0.0,0.07108724598959089,0.0,0.0,0.0,17.6572163105011,59.0,401.5117788625648,88.0,59000,88.0,55.58106730182485
-6.000733492851257,-39.85134043121338,-6.0,-2.8647475919569844e-06,0.005008988090349246,0.19961430867016317,0.0,0.0,0.0,0.06941790681704879,0.0,0.0,0.0,17.575873613357544,60.0,381.5131790871965,88.0,60000,88.0,81.9607735152799
-6.070100569725037,-39.67492743682861,-6.0,-0.0003595783023047261,0.005129449826480196,0.20305434213578702,0.0,0.0,0.0,0.0736500867344439,0.0,0.0,0.0,27.200643062591553,61.0,420.0554874975933,88.0,61000,88.0,59.79635203802789
-6.044328338623047,-39.52985384368896,-6.0,-0.00023693981433461886,0.005301430117602092,0.20693711688369512,0.0,0.0,0.0,0.07106533011421562,0.0,0.0,0.0,17.58435082435608,62.0,405.2432615448488,88.0,62000,88.0,95.20619548295487
-6.018279905796051,-39.39670613861084,-6.0,-9.955865487427219e-05,0.005502085591252748,0.2069868769645691,0.0,0.0,0.0,0.0745316984206438,0.0,0.0,0.0,17.627647876739502,63.0,400.8726799983415,88.0,63000,88.0,99.3710730409915
-6.034906261444092,-39.287273319244385,-6.0,-0.0001944636466432712,0.0055553439905057615,0.21384564881026744,0.0,0.0,0.0,0.0762341823913157,0.0,0.0,0.0,17.627036333084106,64.0,415.65189922007266,88.0,64000,88.0,113.97503888086763
-6.001572192668915,-39.17195247650147,-6.0,-7.523652384406887e-06,0.00569063224813182,0.21649243807792665,0.0,0.0,0.0,0.07127957414090634,0.0,0.0,0.0,17.614333868026733,65.0,414.51692614512285,88.0,65000,88.0,125.856544385121
-5.967887454509735,-39.079019924163816,-6.0,0.00018119449112418806,0.005620072038728999,0.21929229633510114,0.0,0.0,0.0,0.07205194774642587,0.0,0.0,0.0,17.69328212738037,66.0,427.6465005488135,88.0,66000,88.0,42.28583888020791
-6.026955566883087,-38.99077671432495,-6.0,-0.00015026105381548405,0.005641169472814366,0.22341078794002533,0.0,0.0,0.0,0.06929368774965405,0.0,0.0,0.0,17.664948225021362,67.0,431.2466163325589,88.0,67000,88.0,41.66311331362135
-6.053634811401367,-38.92216227340698,-6.0,-0.0003085837832040852,0.005735617571663237,0.22608122962713242,0.0,0.0,0.0,0.07065394520387054,0.0,0.0,0.0,17.654282808303833,68.0,443.80349235003814,88.0,68000,88.0,40.054424918447275
-6.02473759841919,-38.86621696853638,-6.0,-0.0001459980447543785,0.005938477751699042,0.2286649766266346,0.0,0.0,0.0,0.07795109114423394,0.0,0.0,0.0,17.749995946884155,69.0,436.08423526166007,88.0,69000,88.0,143.49468553072748
-6.000971995353699,-38.817581928253176,-6.0,-4.730038453999441e-06,0.006014783317023562,0.23308170661330224,0.0,0.0,0.0,0.07064587747305631,0.0,0.0,0.0,17.710513591766357,70.0,446.6860075748191,88.0,70000,88.0,39.75241826595262
-6.024053785800934,-38.7822696723938,-6.0,-0.00014445487986813532,0.006048443872384784,0.23503152900934218,0.0,0.0,0.0,0.08287178789824247,0.0,0.0,0.0,48.00259518623352,71.0,454.15047908731503,88.0,71000,88.0,36.472801525096756
-5.937298787593842,-38.77776968765259,-6.0,0.00037634832667390584,0.0060096943228498765,0.23692297135293483,0.0,0.0,0.0,0.08523734600096941,0.0,0.0,0.0,17.704917907714844,72.0,408.0364036212377,123.0,72000,123.0,40.920350757365185
-6.022625312328339,-38.76791487121582,-6.0,-0.00013196422374312533,0.005848676433033895,0.23910822862386705,0.0,0.0,0.0,0.08568286190927028,0.0,0.0,0.0,17.637686252593994,73.0,508.09323270549066,123.0,73000,123.0,158.5291349828129
-6.037780038356781,-38.753906055450436,-6.0,-0.00022557588406198193,0.006011064995711594,0.2423959359228611,0.0,0.0,0.0,0.08667123670130968,0.0,0.0,0.0,17.639411687850952,74.0,402.4614713313058,123.0,74000,123.0,33.321638440290755
-6.038073089599609,-38.746338947296145,-6.0,-0.0002336617300315993,0.006202225339703179,0.24402931647002696,0.0,0.0,0.0,0.0816776221729815,0.0,0.0,0.0,17.715898275375366,75.0,412.77007167619377,123.0,75000,123.0,42.148686852008304
-6.018186312675476,-38.77155240249634,-6.0,-0.000113097188383108,0.006300784997482392,0.24812397648394108,0.0,0.0,0.0,0.08673008594289422,0.0,0.0,0.0,17.664883613586426,76.0,424.717807318375,123.0,76000,123.0,54.5496564077475
-6.008331277370453,-38.81102320098877,-6.0,-5.1274668468977326e-05,0.006344805765177492,0.25115773762762544,0.0,0.0,0.0,0.08782026040554046,0.0,0.0,0.0,17.671414613723755,77.0,432.09223090903834,123.0,77000,123.0,63.05721719126372
-6.044000247001648,-38.860258014678955,-6.0,-0.0002830099964776309,0.006483592845453417,0.25329476492106917,0.0,0.0,0.0,0.09246537524461747,0.0,0.0,0.0,17.753860473632812,78.0,545.1495999548351,123.0,78000,123.0,153.52484128603598
-5.966098544597625,-38.924884204864505,-6.0,0.00022107982001762138,0.006478844717154534,0.2556357136964798,0.0,0.0,0.0,0.09204090908169746,0.0,0.0,0.0,17.682527542114258,79.0,445.6273097911617,123.0,79000,123.0,62.163535923277145
-6.032663138389587,-39.000238536834715,-6.0,-0.00021062649334635351,0.00652391827666462,0.26002919033169747,0.0,0.0,0.0,0.09173015348985791,0.0,0.0,0.0,17.64116382598877,80.0,456.82652000768576,123.0,80000,123.0,88.23478425878558
-5.991840981006622,-39.08622590255737,-6.0,5.442851012048777e-05,0.006576788550342441,0.26330499550700187,0.0,0.0,0.0,0.09820877182111144,0.0,0.0,0.0,27.056770086288452,81.0,535.5351640719455,123.0,81000,123.0,158.77601283437133
-5.992949097633362,-39.159559757232664,-6.0,4.710253624944016e-05,0.0064832869702627985,0.2663170895576477,0.0,0.0,0.0,0.09333181939274073,0.0,0.0,0.0,17.724084615707397,82.0,527.0123244919178,123.0,82000,123.0,154.93186454392696
-6.043808225631714,-39.22696494293213,-6.0,-0.0002871197454733192,0.0065692778875279766,0.26859209869802,0.0,0.0,0.0,0.0966149992570281,0.0,0.0,0.0,17.651562213897705,83.0,460.06066759562964,123.0,83000,123.0,68.96073351659474
-5.98897036075592,-39.32975694274902,-6.0,7.44245726527879e-05,0.006677871306274381,0.2717438709884882,0.0,0.0,0.0,0.09600737462937832,0.0,0.0,0.0,17.647783279418945,84.0,525.4670459595509,123.0,84000,123.0,149.7956840650204
-6.045363790512085,-39.44758567428589,-6.0,-0.00030447060146252626,0.006723749764591159,0.27453087450563907,0.0,0.0,0.0,0.09744515784457326,0.0,0.0,0.0,17.813915014266968,85.0,544.1035812167684,123.0,85000,123.0,145.25370278963905
-5.981976021766663,-39.55434935760498,-6.0,0.00012380097823916003,0.006784639012977085,0.27807515048980713,0.0,0.0,0.0,0.09887720374390482,0.0,0.0,0.0,17.659456253051758,86.0,565.0964254965074,123.0,86000,123.0,148.05298419036708
-5.996824268817901,-39.66524962234497,-6.0,2.2709451215632724e-05,0.006839407226200841,0.2814850903302431,0.0,0.0,0.0,0.09726102410256862,0.0,0.0,0.0,17.724855661392212,87.0,543.115327758831,123.0,87000,123.0,151.44991123481248
-5.998943150997162,-39.78049457550049,-6.0,8.313740690937266e-06,0.006740410604113344,0.28370160391926763,0.0,0.0,0.0,0.10212814747914672,0.0,0.0,0.0,17.791735649108887,88.0,561.2842605699552,123.0,88000,123.0,153.9805771828749
-6.020577810287476,-39.89277896499634,-6.0,-0.00013838467131427023,0.006703179777963744,0.28720733685791494,0.0,0.0,0.0,0.09874910429120064,0.0,0.0,0.0,17.883621215820312,89.0,570.5109345523379,123.0,89000,123.0,138.4874087844274
-6.019956890583038,-39.9974150428772,-6.0,-0.00013630868833570275,0.006844586251083872,0.2914001686424017,0.0,0.0,0.0,0.09743977012112737,0.0,0.0,0.0,17.813018083572388,90.0,568.2351283472963,123.0,90000,123.0,154.7252934203243
-6.022379358291626,-40.13027649307251,-6.0,-0.000155215542006772,0.007017108717294574,0.2943253941386938,0.0,0.0,0.0,0.1139700029976666,0.0,0.0,0.0,55.67044377326965,91.0,463.6763123902492,123.0,91000,123.0,91.38583042051683
-6.0131096606254575,-40.328098640441894,-6.0,-9.174641108620563e-05,0.007078111380125413,0.29887588723003866,0.0,0.0,0.0,0.11918300709873438,0.0,0.0,0.0,17.875957489013672,92.0,656.0573184212408,145.0,92000,145.0,141.0432040454082
-6.0402421350479125,-40.55300180435181,-6.0,-0.00028940151671122297,0.0072723481706501525,0.3048042781203985,0.0,0.0,0.0,0.12302442537248134,0.0,0.0,0.0,17.900575876235962,93.0,663.1496842751512,145.0,93000,145.0,141.8241509188806
-6.049072905063629,-40.759396297454835,-6.0,-0.0003643361118301982,0.007446357220924479,0.3045093151926994,0.0,0.0,0.0,0.12755639591813087,0.0,0.0,0.0,17.874563217163086,94.0,499.1981619221042,145.0,94000,145.0,58.20476704417781
-6.030634159088135,-40.97807369232178,-6.0,-0.00023364045824564528,0.007732018972837671,0.3086522259265184,0.0,0.0,0.0,0.13832173947244883,0.0,0.0,0.0,17.929347276687622,95.0,654.7124069784768,145.0,95000,145.0,145.14468030930092
-5.993593655586243,-41.194902339935304,-6.0,5.1002637192141265e-05,0.007674380000177341,0.3104776459187269,0.0,0.0,0.0,0.13520966456085443,0.0,0.0,0.0,17.92840051651001,96.0,506.5644130673609,145.0,96000,145.0,53.56849108733777
-6.03020778131485,-41.44818611907959,-6.0,-0.0002338602786330739,0.007720489133014574,0.31418343327939513,0.0,0.0,0.0,0.14108306752890348,0.0,0.0,0.0,17.927009344100952,97.0,666.4338168082759,145.0,97000,145.0,139.09999381732842
-5.985235840797424,-41.672041660308835,-6.0,0.00011681310922722332,0.007813778664563967,0.3170190373510122,0.0,0.0,0.0,0.14463179576396942,0.0,0.0,0.0,17.97703218460083,98.0,591.6529710456962,145.0,98000,145.0,103.13649955884578
-6.016705498218537,-41.91495500183105,-6.0,-0.00012967507883149664,0.007825152867410243,0.31880091241002084,0.0,0.0,0.0,0.14853649661689997,0.0,0.0,0.0,18.001152753829956,99.0,510.2675245688297,145.0,99000,145.0,50.551763275403836
-6.014541833877564,-42.1531134300232,-6.0,-0.0001142439775285311,0.007900164184954019,0.3229364462196827,0.0,0.0,0.0,0.15169742666184902,0.0,0.0,0.0,17.92193031311035,100.0,687.5294037843123,145.0,100000,145.0,141.15403024164723
-5.989316416263581,-42.405979663848875,-6.0,8.615986294171307e-05,0.007958229431534652,0.32538138154149054,0.0,0.0,0.0,0.1519433276951313,0.0,0.0,0.0,27.34665274620056,101.0,532.7949290178512,145.0,101000,145.0,43.20974035439874
-6.046757603168488,-42.71587227630615,-6.0,-0.00037472871100180784,0.008063706849802517,0.3304190069884062,0.0,0.0,0.0,0.15950097601115704,0.0,0.0,0.0,17.977559566497803,102.0,695.3051226353273,145.0,102000,145.0,132.743315267665
-5.991550084590912,-43.00272759246826,-6.0,7.050864680786617e-05,0.00815274357092824,0.3336965382695198,0.0,0.0,0.0,0.15521550865471362,0.0,0.0,0.0,17.931531190872192,103.0,709.4035202090163,145.0,103000,145.0,147.53257154550116
-6.024473867893219,-43.29025868606568,-6.0,-0.00019937814770673866,0.008248320877024526,0.33571408773958683,0.0,0.0,0.0,0.1593567755892873,0.0,0.0,0.0,17.947165966033936,104.0,693.4868673949095,145.0,104000,145.0,144.42830132195687
-6.026662775039673,-43.55780494689942,-6.0,-0.00022117680391238538,0.00836212673875311,0.33825468219816685,0.0,0.0,0.0,0.16557428843528033,0.0,0.0,0.0,17.9786159992218,105.0,702.6895959344693,145.0,105000,145.0,141.90321328127993
-6.023667582035065,-43.82680782699585,-6.0,-0.00019984017174283508,0.00857413698537706,0.34158979579806326,0.0,0.0,0.0,0.1664416029304266,0.0,0.0,0.0,18.09011197090149,106.0,559.3185670063831,145.0,106000,145.0,59.32458478355868
-5.981817024230957,-44.11358107757568,-6.0,0.00015639204921899364,0.008549470079461134,0.3451032655388117,0.0,0.0,0.0,0.16671342285722493,0.0,0.0,0.0,18.01178789138794,107.0,701.3215037542395,145.0,107000,145.0,147.62519119752915
-6.001797017574311,-44.41395712661743,-6.0,-1.3961445132736117e-05,0.008398796740219837,0.34950194714963434,0.0,0.0,0.0,0.16902931281924247,0.0,0.0,0.0,18.063051223754883,108.0,666.5176113302587,145.0,108000,145.0,127.8860722463469
-5.999096381664276,-44.708971839904784,-6.0,9.073124834685586e-06,0.00846153014831712,0.3515147817134857,0.0,0.0,0.0,0.1677676624506712,0.0,0.0,0.0,18.03696870803833,109.0,693.435807871283,145.0,109000,145.0,137.17464867922607
-6.005967257022857,-44.97989526748657,-6.0,-4.949845839291811e-05,0.00844874731003315,0.3560433850586414,0.0,0.0,0.0,0.16255650477111339,0.0,0.0,0.0,18.084869623184204,110.0,706.4902486223727,145.0,110000,145.0,135.9108868172728
-6.048843451023102,-45.192356468200686,-6.0,-0.00042117065568163524,0.008602139391957114,0.3371083048731089,0.0,0.0,0.0,0.19050747254490852,0.0,0.0,0.0,57.37607932090759,111.0,715.2370342202485,145.0,111000,145.0,146.66777354667144
-6.085080330371857,-45.4430559463501,-6.0,-0.0007717518568970263,0.00915909887686992,0.3389056433439255,0.0,0.0,0.0,0.19259950293600558,0.0,0.0,0.0,18.01262879371643,112.0,713.5348182609305,166.0,112000,166.0,139.60460633868388
-6.008888645172119,-45.66485307312012,-6.0,-8.214147044054698e-05,0.009399949677511442,0.34313681334257123,0.0,0.0,0.0,0.19609818194061518,0.0,0.0,0.0,18.028284311294556,113.0,724.9126225281507,166.0,113000,166.0,148.17809141713522
-6.002806311130524,-45.91038483428955,-6.0,-2.4905948201194404e-05,0.009370928458766097,0.34526753616333006,0.0,0.0,0.0,0.2002469681352377,0.0,0.0,0.0,18.003181219100952,114.0,540.8745112575125,166.0,114000,166.0,40.551233400717564
-5.958220952510834,-46.15874388885498,-6.0,0.0003902371266740374,0.009322149785649882,0.34655724866688253,0.0,0.0,0.0,0.20306602056324483,0.0,0.0,0.0,18.111121892929077,115.0,728.497873467044,166.0,115000,166.0,132.05847276254994
-6.05217354631424,-46.385191940307614,-6.0,-0.00048653782390465494,0.00945212915198694,0.347378574937582,0.0,0.0,0.0,0.20625258070230484,0.0,0.0,0.0,18.07043147087097,116.0,618.0755062052049,166.0,116000,166.0,87.99238337025764
-6.001575589179993,-46.60845481872558,-6.0,-1.3657406510901638e-05,0.00950131359729027,0.3498522901684046,0.0,0.0,0.0,0.2184921123981476,0.0,0.0,0.0,18.062031507492065,117.0,576.1211851862026,166.0,117000,166.0,60.81560344048438
-5.988807651042938,-46.84829015731812,-6.0,0.00010808186906797345,0.00956881141189828,0.3524602062702179,0.0,0.0,0.0,0.20854512041807174,0.0,0.0,0.0,18.028865575790405,118.0,729.7447883468121,166.0,118000,166.0,136.97499492952582
-6.029435084342957,-47.1361692237854,-6.0,-0.0002799254810452112,0.00959578223360405,0.3555973771959543,0.0,0.0,0.0,0.21803763681650162,0.0,0.0,0.0,18.065611124038696,119.0,653.1880742306821,166.0,119000,166.0,125.30341353625985
-5.9810815176963805,-47.4163159828186,-6.0,0.00018281286534329412,0.009616733474193713,0.36023813992738724,0.0,0.0,0.0,0.21265892723947763,0.0,0.0,0.0,18.097282886505127,120.0,735.3074381588958,166.0,120000,166.0,141.94338715582575
-6.035287539482117,-47.70984924697876,-6.0,-0.00033958168016397396,0.009665082740956732,0.3653359023332596,0.0,0.0,0.0,0.21505879470705985,0.0,0.0,0.0,27.396510124206543,121.0,724.9825748244402,166.0,121000,166.0,139.75931977423727
-5.981761341094971,-47.95746864318848,-6.0,0.00017916352328029462,0.009784669480379687,0.36689741653203967,0.0,0.0,0.0,0.217047363512218,0.0,0.0,0.0,18.008736848831177,122.0,728.3171041528694,166.0,122000,166.0,148.923929511604
-6.02013065814972,-48.15213113021851,-6.0,-0.00019453143732971512,0.00984160594928585,0.3689015663415194,0.0,0.0,0.0,0.21955206656455994,0.0,0.0,0.0,18.034108638763428,123.0,722.4358580005355,166.0,123000,166.0,142.54401408418744
-5.984594676017761,-48.336408470153806,-6.0,0.0001516810235916637,0.00969373262245293,0.37265900254249573,0.0,0.0,0.0,0.2176147425621748,0.0,0.0,0.0,18.01118540763855,124.0,566.8445992409252,166.0,124000,166.0,49.625177061144626
-6.01322531080246,-48.49781442260742,-6.0,-0.0001273719170712866,0.009631159580066261,0.37351848295331,0.0,0.0,0.0,0.23716823883354665,0.0,0.0,0.0,18.04577660560608,125.0,561.3529839020339,166.0,125000,166.0,55.78022136231387
-5.99823382806778,-48.71152470397949,-6.0,1.8652841572475153e-05,0.009773082160776644,0.37555231535434724,0.0,0.0,0.0,0.230971598662436,0.0,0.0,0.0,18.023985385894775,126.0,715.9015909703448,166.0,126000,166.0,150.39213085028604
-5.984330687046051,-48.93652584838867,-6.0,0.00015387107163405744,0.009749574618100852,0.37689370787143706,0.0,0.0,0.0,0.21768046981841327,0.0,0.0,0.0,18.026477098464966,127.0,574.1889240402961,166.0,127000,166.0,52.12169679122237
-5.999815631866455,-49.1414775428772,-6.0,3.3887457830132917e-06,0.009671871104481979,0.37940703999996184,0.0,0.0,0.0,0.22749565297365187,0.0,0.0,0.0,18.01025676727295,128.0,703.791743050795,166.0,128000,166.0,141.94412967525983
-6.011202851295471,-49.426055068969724,-6.0,-0.00010712329836678691,0.009717907401303957,0.3832601447701454,0.0,0.0,0.0,0.23132867367565632,0.0,0.0,0.0,17.99846339225769,129.0,745.0254066376947,166.0,129000,166.0,147.17333515572793
-6.022473882675171,-49.649740043640136,-6.0,-0.00021958933569840155,0.009888387610003055,0.38622542014718053,0.0,0.0,0.0,0.22045357391238213,0.0,0.0,0.0,17.983328580856323,130.0,743.872060616035,166.0,130000,166.0,148.63241497582516
-5.949988317489624,-49.81181593704223,-6.0,0.000487654645301518,0.00976551418136797,0.3553461551517248,0.0,0.0,0.0,0.23860443471372128,0.0,0.0,0.0,59.46695804595947,131.0,744.7719224875327,166.0,131000,166.0,139.39961074918813
-6.013911194801331,-49.991083961486815,-6.0,-0.00013186382155981846,0.009544413328450746,0.35969733595848086,0.0,0.0,0.0,0.25512267634272573,0.0,0.0,0.0,17.91490411758423,132.0,705.6102084899321,206.0,132000,206.0,151.1418677243431
-5.992968017101288,-50.12958530426025,-6.0,6.866024792543612e-05,0.009592480583341327,0.35897796882689,0.0,0.0,0.0,0.2519335431754589,0.0,0.0,0.0,17.90809655189514,133.0,721.5302457720973,206.0,133000,206.0,161.72170504048205
-6.007428189754486,-50.292683582305905,-6.0,-6.99081837083213e-05,0.009637783987612867,0.3636015964001417,0.0,0.0,0.0,0.24797171615064145,0.0,0.0,0.0,17.9460871219635,134.0,732.432441833429,206.0,134000,206.0,155.45862895036188
-6.011930068016052,-50.49200379943848,-6.0,-0.00011393429903546348,0.0096576941986586,0.36642653825879096,0.0,0.0,0.0,0.26260863479971885,0.0,0.0,0.0,17.97278094291687,135.0,736.8903267343994,206.0,135000,206.0,163.3163577586399
-5.955881304740906,-50.63396087265015,-6.0,0.00042373911986942403,0.0095578476381686,0.3692405727058649,0.0,0.0,0.0,0.2710240671932697,0.0,0.0,0.0,17.912746906280518,136.0,742.4559362358414,206.0,136000,206.0,151.5109868042868
-6.0264456157684325,-50.79485218048096,-6.0,-0.000249569754829281,0.009378251072845923,0.3720435075163841,0.0,0.0,0.0,0.2686509228497744,0.0,0.0,0.0,17.87300395965576,137.0,701.1542134742876,206.0,137000,206.0,137.12469501739264
-6.009886506080627,-50.91231767654419,-6.0,-9.365001224796288e-05,0.009623027472217605,0.374139503210783,0.0,0.0,0.0,0.2753179778009653,0.0,0.0,0.0,17.850820302963257,138.0,750.2735040839761,206.0,138000,206.0,180.6642827366933
-6.013759355545044,-51.15026892089844,-6.0,-0.00013145222727325745,0.009824721765048207,0.3790746282339096,0.0,0.0,0.0,0.27921252396702767,0.0,0.0,0.0,17.961357355117798,139.0,754.282187785022,206.0,139000,206.0,167.3106265767287
-5.987279075622559,-51.29615228652954,-6.0,0.00012529726114007643,0.009780433293151168,0.37890352246165276,0.0,0.0,0.0,0.2679324948489666,0.0,0.0,0.0,17.924126625061035,140.0,713.8849011672864,206.0,140000,206.0,151.8216281990734
-6.020971529960632,-51.4239016418457,-6.0,-0.00020305318367172732,0.009730395432676262,0.3820209975540638,0.0,0.0,0.0,0.285012835547328,0.0,0.0,0.0,27.382259845733643,141.0,717.5904942265479,206.0,141000,206.0,168.7339441358803
-6.031772327423096,-51.59678651809693,-6.0,-0.000314711881801486,0.009905295220098437,0.3847302721142769,0.0,0.0,0.0,0.3061766709536314,0.0,0.0,0.0,17.808159589767456,142.0,701.9687970811501,206.0,142000,206.0,159.65721533443482
-5.986957148075104,-51.8023402633667,-6.0,0.00013245361676672473,0.010118212153958125,0.38782206520438195,0.0,0.0,0.0,0.3074629933387041,0.0,0.0,0.0,17.79496741294861,143.0,729.6868219207972,206.0,143000,206.0,177.4771617260093
-6.029554079532623,-52.001952354431154,-6.0,-0.00029596642499382143,0.010074260456310366,0.39042912393808366,0.0,0.0,0.0,0.3000410829335451,0.0,0.0,0.0,17.902854204177856,144.0,743.8217129638942,206.0,144000,206.0,174.52468515759813
-5.976012367725373,-52.172915691375735,-6.0,0.00024411962801241315,0.010076458768519073,0.3905800067484379,0.0,0.0,0.0,0.291955729663372,0.0,0.0,0.0,17.861342191696167,145.0,742.5189154646359,206.0,145000,206.0,174.52195480504898
-5.985332427024841,-52.34834925842285,-6.0,0.00014709496787691022,0.009943008322737257,0.39459215369820594,0.0,0.0,0.0,0.30900545601546764,0.0,0.0,0.0,17.894937992095947,146.0,752.1721212361008,206.0,146000,206.0,173.65052216703714
-6.014909981250763,-52.53254914474487,-6.0,-0.00014728910930716666,0.009977194246267718,0.398753934815526,0.0,0.0,0.0,0.3011261194944382,0.0,0.0,0.0,17.973101139068604,147.0,731.9391663580609,206.0,147000,206.0,163.1403647560799
-6.009893503665924,-52.65954624176025,-6.0,-9.758591769787018e-05,0.010088230573464745,0.3976370241641998,0.0,0.0,0.0,0.32397447912395,0.0,0.0,0.0,18.024067878723145,148.0,714.3662840779871,206.0,148000,206.0,164.0229875041939
-6.026353927612305,-52.849224082946776,-6.0,-0.000266193085728446,0.010179144571956521,0.39948519256711007,0.0,0.0,0.0,0.32088109976053236,0.0,0.0,0.0,18.0172758102417,149.0,729.0107932630926,206.0,149000,206.0,174.9042372484757
-6.008814471244812,-52.9892618598938,-6.0,-8.919608814176172e-05,0.010381718549116702,0.40094076147675517,0.0,0.0,0.0,0.30908648720383647,0.0,0.0,0.0,17.941874742507935,150.0,414.9224113903474,206.0,150000,206.0,70.52579399023303
-5.971321099281311,-52.99822681808472,-6.0,0.00029515825714042875,0.010381877919849385,0.327202173858881,0.0,0.0,0.0,0.3362218515276909,0.0,0.0,0.0,57.86918377876282,151.0,749.121087372303,206.0,151000,206.0,179.7092167329074
-5.997043663978577,-53.015826545715335,-6.0,3.164758674392942e-05,0.010067552338181532,0.3272150839269161,0.0,0.0,0.0,0.36189843113720416,0.0,0.0,0.0,17.978246927261353,152.0,683.654704455228,241.0,152000,241.0,173.99223716594503
-6.0917157487869265,-53.06797857666016,-6.0,-0.0009551683411991689,0.010448849190317314,0.33138860014081,0.0,0.0,0.0,0.3786068847179413,0.0,0.0,0.0,17.987660884857178,153.0,676.8078292896971,241.0,153000,241.0,172.28057292866643
-6.013031009674072,-53.17414749145508,-6.0,-0.00013956162109388969,0.010881414860157644,0.33666079926490783,0.0,0.0,0.0,0.391906714707613,0.0,0.0,0.0,17.993568420410156,154.0,714.9688732391223,241.0,154000,241.0,169.91264344712667
-5.99876078748703,-53.23203244400025,-6.0,1.54005411604885e-05,0.01090341044996352,0.3379128477573395,0.0,0.0,0.0,0.37925704680383204,0.0,0.0,0.0,17.99914288520813,155.0,682.879261133261,241.0,155000,241.0,183.83945441228485
-5.927869692325592,-53.30881507873535,-6.0,0.0007673892173916102,0.01057201228835498,0.3381766636520624,0.0,0.0,0.0,0.40443750050663946,0.0,0.0,0.0,18.025782585144043,156.0,662.9808264300227,241.0,156000,241.0,166.29071890512714
-6.027878699302673,-53.330611362457276,-6.0,-0.0002896860727632884,0.010343331580965606,0.3396829312443733,0.0,0.0,0.0,0.4030943674445152,0.0,0.0,0.0,17.95206356048584,157.0,664.693580508465,241.0,157000,241.0,176.2691891325041
-6.0542121515274046,-53.419698150634765,-6.0,-0.0005805917317629792,0.010768688861735409,0.3434009189158678,0.0,0.0,0.0,0.40229362539947033,0.0,0.0,0.0,17.89637017250061,158.0,704.9679946304241,241.0,158000,241.0,180.4721312508198
-5.994812732696533,-53.541992176055906,-6.0,5.914820151519962e-05,0.01097078552492519,0.34741414900124074,0.0,0.0,0.0,0.4057320360690355,0.0,0.0,0.0,17.94441246986389,159.0,716.5106744250224,241.0,159000,241.0,178.08381573062405
-5.959014500617981,-53.625379985809325,-6.0,0.0004436336386424955,0.010683123742852551,0.3481350471675396,0.0,0.0,0.0,0.3916918004602194,0.0,0.0,0.0,17.99890923500061,160.0,699.8719350188039,241.0,160000,241.0,178.70617630899324
-6.0369764714241025,-53.67466533279419,-6.0,-0.00039561888434400317,0.010728332072755087,0.3481418514251709,0.0,0.0,0.0,0.39971408209204673,0.0,0.0,0.0,27.428810834884644,161.0,720.8753783493303,241.0,161000,241.0,186.45607392352173
-6.008068767547607,-53.800957576751706,-6.0,-8.668644647696055e-05,0.010906836657888348,0.35284967558085917,0.0,0.0,0.0,0.4105751237720251,0.0,0.0,0.0,17.95762610435486,162.0,704.794562043855,241.0,162000,241.0,181.5139052281869
-5.985671772956848,-53.892383304595946,-6.0,0.00015770140249514951,0.010938693314829637,0.3539089440703392,0.0,0.0,0.0,0.4050734318047762,0.0,0.0,0.0,17.996793270111084,163.0,698.9112992124865,241.0,163000,241.0,178.1715645972699
-5.994038059711456,-53.95923955154419,-6.0,6.683812158007641e-05,0.010851552705674021,0.35582747754454613,0.0,0.0,0.0,0.4130027136951685,0.0,0.0,0.0,17.963566780090332,164.0,712.3273798234295,241.0,164000,241.0,171.27555830729693
-6.064140367984772,-54.00857009887695,-6.0,-0.0007077091843239032,0.011030018980268399,0.35855909071862696,0.0,0.0,0.0,0.4310344305932522,0.0,0.0,0.0,17.920718908309937,165.0,698.2850573550968,241.0,165000,241.0,186.07648464139234
-6.034745826721191,-54.131233432769776,-6.0,-0.0003967812006012537,0.01142423452702169,0.36202192647755144,0.0,0.0,0.0,0.4277017096728086,0.0,0.0,0.0,17.858455657958984,166.0,723.4211788419634,241.0,166000,241.0,177.52753390672643
-5.95307217502594,-54.21011383056641,-6.0,0.0005383041506574955,0.01136789329832886,0.3635580062419176,0.0,0.0,0.0,0.4380015530884266,0.0,0.0,0.0,17.936767578125,167.0,715.0270808693022,241.0,167000,241.0,178.20465204738798
-6.025465118408203,-54.35065221786499,-6.0,-0.0002867364712728886,0.011340782085351185,0.3649775096029043,0.0,0.0,0.0,0.4624964081496,0.0,0.0,0.0,17.94182515144348,168.0,707.0277451726142,241.0,168000,241.0,186.36628971690897
-5.999438367366791,-54.4356947593689,-6.0,7.992316022864543e-06,0.011331352732495087,0.365927880436182,0.0,0.0,0.0,0.45901035057008266,0.0,0.0,0.0,17.9049289226532,169.0,718.713068992598,241.0,169000,241.0,179.47958297531895
-6.041140995979309,-54.60713146972656,-6.0,-0.000474757005344145,0.011723801899426655,0.36983443215489387,0.0,0.0,0.0,0.4458404969573021,0.0,0.0,0.0,17.866148471832275,170.0,691.5849331216014,241.0,170000,241.0,168.59970457669996
-5.968699251651764,-54.74127942657471,-6.0,0.00036692352379031945,0.011695444541452221,0.36466223311424256,0.0,0.0,0.0,0.46241461858153343,0.0,0.0,0.0,53.1324405670166,171.0,729.3476361837238,241.0,171000,241.0,206.70742243795397
-6.022062336444855,-54.86369272232056,-6.0,-0.0002541988963203039,0.0116511976260029,0.36658866611123087,0.0,0.0,0.0,0.4658547129929066,0.0,0.0,0.0,17.895700693130493,172.0,737.5381534136832,282.0,172000,282.0,192.06464554254546
-6.0100742239952085,-55.042932781219484,-6.0,-0.00011668636777903885,0.011631628512114247,0.3671572742164135,0.0,0.0,0.0,0.45319106729328634,0.0,0.0,0.0,17.945531129837036,173.0,721.0144442927558,282.0,173000,282.0,186.6835770161688
-5.931900722026825,-55.20272385406494,-6.0,0.0007844749532232527,0.011505710609983058,0.3719203422665596,0.0,0.0,0.0,0.45166578525304796,0.0,0.0,0.0,17.97448229789734,174.0,706.3683426389471,282.0,174000,282.0,201.67292976259358
-6.021532686710358,-55.34193758392334,-6.0,-0.0002418905787199037,0.01121961293575091,0.37258036498725416,0.0,0.0,0.0,0.44000255873799327,0.0,0.0,0.0,17.91513991355896,175.0,742.7171309795231,282.0,175000,282.0,185.48069404793134
-5.987617028236389,-55.477190101623535,-6.0,0.00014186851050908443,0.011335855645177579,0.3745049420893192,0.0,0.0,0.0,0.43588925591111183,0.0,0.0,0.0,17.881417512893677,176.0,708.5660628364421,282.0,176000,282.0,177.8598091199798
-6.032783340454102,-55.67898787307739,-6.0,-0.000373351172398543,0.01145208360811723,0.37813695311546325,0.0,0.0,0.0,0.46855229392647746,0.0,0.0,0.0,17.93980836868286,177.0,767.3624923406169,282.0,177000,282.0,199.08373852507523
-6.046639047622681,-55.840075271606445,-6.0,-0.0005467106150754262,0.01182223827266259,0.37812848104536534,0.0,0.0,0.0,0.46021417272090914,0.0,0.0,0.0,17.96717119216919,178.0,721.9872138792416,282.0,178000,282.0,198.18463850481282
-6.0244571061134335,-56.081337142944335,-6.0,-0.0002936197828676086,0.012016377454467675,0.378844610735774,0.0,0.0,0.0,0.4493881370574236,0.0,0.0,0.0,17.896968603134155,179.0,724.0462258150801,282.0,179000,282.0,186.14518395893646
-5.954026810646057,-56.33209996032715,-6.0,0.0005530898122669897,0.012077879514129997,0.38257059568166735,0.0,0.0,0.0,0.46122421078383924,0.0,0.0,0.0,17.91687035560608,180.0,761.2313144225627,282.0,180000,282.0,201.09538003241218
-6.027428126335144,-56.56516843032837,-6.0,-0.00032466493347601497,0.012023297805966419,0.385042370557785,0.0,0.0,0.0,0.4441073671877384,0.0,0.0,0.0,27.366434812545776,181.0,745.8100167547236,282.0,181000,282.0,210.54241304711468
-5.980040637969971,-56.848813915252684,-6.0,0.00024125423899386077,0.012146470802638925,0.3861762272119522,0.0,0.0,0.0,0.46550516997277736,0.0,0.0,0.0,17.896384239196777,182.0,724.0901501951739,282.0,182000,282.0,194.07105669741838
-6.001215829372406,-57.09561974716186,-6.0,-1.2729790789308027e-05,0.011825171090091536,0.38527857308089736,0.0,0.0,0.0,0.45501909287273884,0.0,0.0,0.0,17.927234172821045,183.0,-12.299658675809042,282.0,183000,282.0,20.470428473906804
-6.006869426250458,-57.34062186050415,-6.0,-8.018004886980634e-05,0.011919872251279011,0.3867071048617363,0.0,0.0,0.0,0.45595255810022356,0.0,0.0,0.0,17.98350977897644,184.0,756.571755937417,282.0,184000,282.0,193.87643135754757
-5.9735318093299865,-57.606383975982666,-6.0,0.00031445116689428684,0.011797489199508583,0.3874554943442345,0.0,0.0,0.0,0.428161030292511,0.0,0.0,0.0,17.929057836532593,185.0,737.6648516282439,282.0,185000,282.0,205.8167528118645
-5.959264420032501,-57.80594854354858,-6.0,0.00047116037522209806,0.011528465669670852,0.3886711400747299,0.0,0.0,0.0,0.41483751149475573,0.0,0.0,0.0,17.98495101928711,186.0,767.2312767666299,282.0,186000,282.0,196.42922880007652
-5.9580124154090885,-57.90160927200317,-6.0,0.00047170328880019954,0.011260904499259436,0.3896305463463068,0.0,0.0,0.0,0.39958343927562234,0.0,0.0,0.0,17.980945587158203,187.0,60.82481791801729,282.0,187000,282.0,45.46771673008898
-5.945448482036591,-57.97031080627441,-6.0,0.0005918332290602848,0.010881415871336108,0.39059434685111044,0.0,0.0,0.0,0.3926042402982712,0.0,0.0,0.0,17.984864234924316,188.0,696.8673848237377,282.0,188000,282.0,203.6654548937326
-5.976203258991242,-58.029810386657715,-6.0,0.00025172893502167424,0.010476945686127836,0.390825103610754,0.0,0.0,0.0,0.36152169811725615,0.0,0.0,0.0,17.913121461868286,189.0,751.0695912479423,282.0,189000,282.0,178.17913832260638
-5.995828228950501,-58.03117309188843,-6.0,4.477215712540783e-05,0.010414593596769148,0.3925465658307076,0.0,0.0,0.0,0.3671910905987024,0.0,0.0,0.0,17.90772008895874,190.0,765.3854631505383,282.0,190000,282.0,204.78518214393
-6.003862216949463,-57.96600080108642,-6.0,-3.8539579531061464e-05,0.010394183814026152,0.33772864866256713,0.0,0.0,0.0,0.36728107719123365,0.0,0.0,0.0,52.49548268318176,191.0,727.9440147895366,282.0,191000,282.0,210.24252400847826
-5.9920041961669925,-57.86378777694702,-6.0,8.477302276878617e-05,0.010376576477918106,0.34221647602319716,0.0,0.0,0.0,0.3910432580858469,0.0,0.0,0.0,17.846933603286743,192.0,701.933515283512,312.0,192000,312.0,218.91510196270326
-6.003370813846588,-57.765957817077634,-6.0,-3.24333166499855e-05,0.010399868853890938,0.3411988139003515,0.0,0.0,0.0,0.3992367194592953,0.0,0.0,0.0,17.89240264892578,193.0,721.0501281344332,312.0,193000,312.0,212.22192614638817
-6.038554035186768,-57.738188934326175,-6.0,-0.0004043974646629067,0.010574935571706091,0.34582412274181845,0.0,0.0,0.0,0.4169843940883875,0.0,0.0,0.0,17.905834197998047,194.0,706.3597232971806,312.0,194000,312.0,193.38159097574828
-6.018738363265991,-57.702545349121095,-6.0,-0.00019967503947555088,0.010703110248804002,0.3496838810145855,0.0,0.0,0.0,0.4350428487807512,0.0,0.0,0.0,17.89542293548584,195.0,714.5079262123909,312.0,195000,312.0,204.33520509525513
-6.040934252262115,-57.64812804412842,-6.0,-0.0004476919970620656,0.010950862976079207,0.34991747884452346,0.0,0.0,0.0,0.45469153034687043,0.0,0.0,0.0,17.810245990753174,196.0,723.3934334190562,312.0,196000,312.0,203.5404980292717
-6.088466295719146,-57.66637901306152,-6.0,-0.001016132389791892,0.011573465607098404,0.35167449347674845,0.0,0.0,0.0,0.4440841766148806,0.0,0.0,0.0,17.83784818649292,197.0,743.0782945929095,312.0,197000,312.0,204.0650282401017
-6.010721572875976,-57.731335613250735,-6.0,-0.000126244014580152,0.011997245468772486,0.35328078393638135,0.0,0.0,0.0,0.44922576886415483,0.0,0.0,0.0,17.939882516860962,198.0,716.200332946144,312.0,198000,312.0,209.67374068418718
-5.989851256370544,-57.86901371383667,-6.0,0.0001234395062929252,0.011985495085959384,0.3547282538712025,0.0,0.0,0.0,0.46799069505929947,0.0,0.0,0.0,17.941927194595337,199.0,742.3951849057339,312.0,199000,312.0,206.9112081828618
-6.018301717281341,-57.93096954345703,-6.0,-0.00021758105722256005,0.011957369087586548,0.3564560998380184,0.0,0.0,0.0,0.4876679144203663,0.0,0.0,0.0,17.91546654701233,200.0,713.1815582327545,312.0,200000,312.0,196.18056210648152
-6.040025766849518,-58.04231988143921,-6.0,-0.00048718207293131855,0.012264008527143197,0.3584444035440683,0.0,0.0,0.0,0.511668045759201,0.0,0.0,0.0,27.45496964454651,201.0,734.9710157699883,312.0,201000,312.0,244.60157180644262
-6.068749783039093,-58.20890015411377,-6.0,-0.0008694170891249087,0.012631859625990484,0.36074265660345556,0.0,0.0,0.0,0.5167400343716144,0.0,0.0,0.0,17.83717393875122,202.0,714.363368130289,312.0,202000,312.0,233.092217436534
-6.038905848503113,-58.35766232681274,-6.0,-0.0005080072834098246,0.013181161202075466,0.36473380605876443,0.0,0.0,0.0,0.5290221597850323,0.0,0.0,0.0,17.88797116279602,203.0,713.623524452094,312.0,203000,312.0,230.38280826125273
-5.956575270652771,-58.59545073699951,-6.0,0.0005720192834851332,0.01325980907867742,0.36723822239041326,0.0,0.0,0.0,0.500751314252615,0.0,0.0,0.0,17.92356562614441,204.0,689.8143985653296,312.0,204000,312.0,213.73890430248804
-5.959869636058808,-58.7561171913147,-6.0,0.000514761706624995,0.012779929170116716,0.36812081126868723,0.0,0.0,0.0,0.48661464610695837,0.0,0.0,0.0,17.991668701171875,205.0,713.2639251135988,312.0,205000,312.0,217.1214534218452
-5.899313407421112,-58.789635440826416,-6.0,0.0012290998217940796,0.012195715629216312,0.36786210964620114,0.0,0.0,0.0,0.46005628165602686,0.0,0.0,0.0,17.97208857536316,206.0,727.7949488144368,312.0,206000,312.0,221.46675596886544
-5.875629587173462,-58.77424628448486,-6.0,0.0014095553410297726,0.011419131331923913,0.3717469471693039,0.0,0.0,0.0,0.421525894895196,0.0,0.0,0.0,17.95198965072632,207.0,721.9524631379172,312.0,207000,312.0,280.0227624321968
-5.971534143447876,-58.709266563415525,-6.0,0.000307835232510115,0.010731185647574288,0.37107295022904874,0.0,0.0,0.0,0.39865987718105317,0.0,0.0,0.0,17.919512271881104,208.0,745.350436242763,312.0,208000,312.0,270.1089784746042
-6.016039148330688,-58.66002355957031,-6.0,-0.0001694493254472036,0.010783567107229632,0.37328795342147353,0.0,0.0,0.0,0.4020507303476334,0.0,0.0,0.0,17.9342679977417,209.0,753.415953976335,312.0,209000,312.0,259.1426821264288
-6.020182948589325,-58.69134832763672,-6.0,-0.00021705943645793012,0.010850108019475306,0.3761207084208727,0.0,0.0,0.0,0.39344889754056933,0.0,0.0,0.0,17.974769353866577,210.0,736.0724771339446,312.0,210000,312.0,234.5807283063762
-6.094310260772705,-58.67333124542236,-6.0,-0.001060327522252919,0.011262406892710262,0.3547123746275902,0.0,0.0,0.0,0.41729583175480367,0.0,0.0,0.0,39.30836033821106,211.0,733.0842371657491,312.0,211000,312.0,270.80961606547294
-5.938153744697571,-58.720262042999266,-6.0,0.0007072317906713579,0.011376330127877058,0.35790191794931886,0.0,0.0,0.0,0.417797935500741,0.0,0.0,0.0,17.892911195755005,212.0,717.5477107579354,359.0,212000,359.0,242.54439109642192
-5.977835863113404,-58.7044651184082,-6.0,0.0002469509775401093,0.011099510267062707,0.3605009725391865,0.0,0.0,0.0,0.4297541507780552,0.0,0.0,0.0,17.888381958007812,213.0,753.9663615459576,359.0,213000,359.0,273.9843620419658
-6.008619698524475,-58.715464191436766,-6.0,-9.302446935907938e-05,0.011067381887836993,0.3619222124814987,0.0,0.0,0.0,0.4282212620675564,0.0,0.0,0.0,17.846593379974365,214.0,698.981043017935,359.0,214000,359.0,248.99221886698922
-5.989835107326508,-58.737471981048586,-6.0,0.00011395702362642623,0.011006538166980611,0.36456137217581275,0.0,0.0,0.0,0.4367832735478878,0.0,0.0,0.0,17.899904251098633,215.0,733.8450837428682,359.0,215000,359.0,266.96643620626
-5.99623007440567,-58.720386642456056,-6.0,4.284806017676601e-05,0.010981596919398066,0.3625334705114365,0.0,0.0,0.0,0.40725388696789744,0.0,0.0,0.0,17.855364561080933,216.0,729.287021088996,359.0,216000,359.0,253.42730058701056
-6.011632405757904,-58.731829555511474,-6.0,-0.00012559710947971324,0.010909161493172724,0.36471937926113607,0.0,0.0,0.0,0.4055858253389597,0.0,0.0,0.0,17.851131439208984,217.0,730.8610926801339,359.0,217000,359.0,276.1431826254909
-6.008700640678406,-58.735440216064454,-6.0,-9.387315540516283e-05,0.01109059218501601,0.36621701657772066,0.0,0.0,0.0,0.40084927406907084,0.0,0.0,0.0,17.901949882507324,218.0,728.3130901940167,359.0,218000,359.0,233.78449680962777
-6.100541694641113,-58.83976276397705,-6.0,-0.0011547263571846998,0.011631368954066296,0.36908361718058585,0.0,0.0,0.0,0.4166919212639332,0.0,0.0,0.0,17.814292907714844,219.0,743.2033701542532,359.0,219000,359.0,274.07302733769626
-6.048036374092102,-58.984218669891355,-6.0,-0.0005816102851968026,0.012325318330143232,0.37217208741605284,0.0,0.0,0.0,0.43504357714951036,0.0,0.0,0.0,17.855427742004395,220.0,766.7638450562954,359.0,220000,359.0,274.59581490605353
-5.966801411151886,-59.1114154586792,-6.0,0.0004084708150330698,0.012148450950990083,0.3733489067405462,0.0,0.0,0.0,0.42395735618472097,0.0,0.0,0.0,27.28528332710266,221.0,745.3017749503488,359.0,221000,359.0,299.54774545887926
-6.001968359470367,-59.247561405181884,-6.0,-2.2085016913479195e-05,0.012118877619016009,0.3732857979387045,0.0,0.0,0.0,0.42303798998892306,0.0,0.0,0.0,17.798124313354492,222.0,759.8800805045757,359.0,222000,359.0,296.49644618697175
-5.97222211933136,-59.34388354492187,-6.0,0.0003347878668719204,0.011959641539655926,0.3753023551106453,0.0,0.0,0.0,0.41897364607453347,0.0,0.0,0.0,17.808555841445923,223.0,725.0502573046833,359.0,223000,359.0,275.7247466111126
-5.965829195976258,-59.467271755218505,-6.0,0.00040240167123556603,0.011829964260198772,0.37616998770833016,0.0,0.0,0.0,0.40595058526098726,0.0,0.0,0.0,17.89667797088623,224.0,744.1615167241544,359.0,224000,359.0,265.1531257443163
-5.970488521099091,-59.576054901123044,-6.0,0.00033998290358431405,0.011554522826289586,0.37883424992859366,0.0,0.0,0.0,0.4056213647723198,0.0,0.0,0.0,17.84516453742981,225.0,753.8758927024901,359.0,225000,359.0,283.3779401183935
-5.986800498962403,-59.65852591323853,-6.0,0.00015064004603482318,0.011283326848416368,0.38156375256180763,0.0,0.0,0.0,0.38634113447368146,0.0,0.0,0.0,17.74973154067993,226.0,763.590016736649,359.0,226000,359.0,287.79309267837
-6.003735525608063,-59.70303238677978,-6.0,-4.064747858501505e-05,0.011322032639691107,0.3829511285126209,0.0,0.0,0.0,0.38036209674179555,0.0,0.0,0.0,17.803630828857422,227.0,742.3503544462146,359.0,227000,359.0,292.1405358058908
-5.950939528942108,-59.7485728225708,-6.0,0.0005440644456830341,0.011121454404237431,0.38584982153773306,0.0,0.0,0.0,0.3668148716390133,0.0,0.0,0.0,17.90259861946106,228.0,776.5727174675558,359.0,228000,359.0,308.9781359855208
-6.003243900299072,-59.78115121459961,-6.0,-3.346810542279854e-05,0.010980540735873064,0.38520097506046297,0.0,0.0,0.0,0.3566933173686266,0.0,0.0,0.0,17.840099096298218,229.0,774.8991756141186,359.0,229000,359.0,325.35638076346737
-6.043330742835998,-59.8044381980896,-6.0,-0.00047690396575490013,0.010892016466117784,0.38803829035162923,0.0,0.0,0.0,0.3600444213449955,0.0,0.0,0.0,17.808858156204224,230.0,777.3408502219245,359.0,230000,359.0,337.9537780550647
-5.964489205360413,-59.67773052597046,-6.0,0.0003954930980107747,0.01102563716623041,0.3266864150315523,0.0,0.0,0.0,0.3574742277264595,0.0,0.0,0.0,57.591187477111816,231.0,745.0455041714013,359.0,231000,359.0,296.6569729946562
-5.982548570156097,-59.530413082122806,-6.0,0.0001915049883973552,0.010849523465535053,0.32645836171507836,0.0,0.0,0.0,0.35326438733935356,0.0,0.0,0.0,17.90096664428711,232.0,754.0940699819475,399.0,232000,399.0,315.1800446225083
-5.96695554113388,-59.414754325866696,-6.0,0.00035477015873766507,0.010735929564036574,0.33050696364045146,0.0,0.0,0.0,0.351857300773263,0.0,0.0,0.0,17.878419399261475,233.0,727.4126728285919,399.0,233000,399.0,329.9416773076744
-6.0039869017601015,-59.264974933624266,-6.0,-4.0747272039880045e-05,0.010601086068171181,0.33080601824820044,0.0,0.0,0.0,0.3620531443655491,0.0,0.0,0.0,17.881183862686157,234.0,720.6924120292533,399.0,234000,399.0,304.0959014149621
-6.029271373271942,-59.18203645324707,-6.0,-0.00031100557617901357,0.010670681270225245,0.33569089058041574,0.0,0.0,0.0,0.36512145122885703,0.0,0.0,0.0,17.916948080062866,235.0,733.5701120300218,399.0,235000,399.0,320.91412167423726
-6.009798146724701,-59.11791069793701,-6.0,-0.00010418023070087657,0.01082398337494765,0.337208325907588,0.0,0.0,0.0,0.3669656461626291,0.0,0.0,0.0,17.892685174942017,236.0,730.9754120409489,399.0,236000,399.0,335.56221047580124
-6.06496333694458,-59.116429168701174,-6.0,-0.0007224668409035076,0.011208920375264218,0.33692302829027176,0.0,0.0,0.0,0.3859031150043011,0.0,0.0,0.0,17.88551950454712,237.0,712.3636535126716,399.0,237000,399.0,347.69026812493297
-6.026007462024689,-59.10971774673462,-6.0,-0.0002978671282180585,0.01145513326253679,0.3388659099191427,0.0,0.0,0.0,0.3819440251886845,0.0,0.0,0.0,17.92476224899292,238.0,748.937372385677,399.0,238000,399.0,372.7117244249944
-5.98594452047348,-59.119561874389646,-6.0,0.00016487406715168617,0.011581740095425303,0.34105508540570734,0.0,0.0,0.0,0.3856743332594633,0.0,0.0,0.0,17.924753427505493,239.0,711.5029383437941,399.0,239000,399.0,336.3905329295713
-5.956255394458771,-59.15842531967163,-6.0,0.0004979391151573509,0.011402988717981226,0.3422965634912252,0.0,0.0,0.0,0.3837137894630432,0.0,0.0,0.0,17.871553421020508,240.0,730.6115353927016,399.0,240000,399.0,361.67983062692474
-6.041375206947326,-59.15329379653931,-6.0,-0.0004673194218194112,0.011394989861179714,0.34346239000558854,0.0,0.0,0.0,0.39434799502789974,0.0,0.0,0.0,28.373677968978882,241.0,745.6765154972672,399.0,241000,399.0,399.9911060365263
-6.007707029342652,-59.17190881347656,-6.0,-8.692569946288132e-05,0.01153680350705736,0.3441068235039711,0.0,0.0,0.0,0.39059642677009104,0.0,0.0,0.0,18.39107918739319,242.0,724.2852295355406,399.0,242000,399.0,330.73425864743376
-6.021788164615631,-59.21552900314331,-6.0,-0.0002514593320083804,0.011611918115855779,0.34643280601501464,0.0,0.0,0.0,0.39701399581134317,0.0,0.0,0.0,18.445317268371582,243.0,731.1971145565622,399.0,243000,399.0,351.49357042917205
-5.985943809986114,-59.25752260971069,-6.0,0.00016570994071662425,0.011721497003885068,0.34770472317934037,0.0,0.0,0.0,0.3827706412523985,0.0,0.0,0.0,18.400388717651367,244.0,749.7839612318203,399.0,244000,399.0,363.33387536304724
-6.014720258712768,-59.32208129119873,-6.0,-0.0001705669516522903,0.011653909689945608,0.348985209390521,0.0,0.0,0.0,0.38282775127887725,0.0,0.0,0.0,19.410056114196777,245.0,708.3267513802275,399.0,245000,399.0,354.86587115593017
-5.988775960922241,-59.347170139312745,-6.0,0.0001331544822169235,0.011709777225502493,0.35118059334158896,0.0,0.0,0.0,0.3882833787947893,0.0,0.0,0.0,18.37820792198181,246.0,755.1291018842603,399.0,246000,399.0,381.4436929166068
-5.990087254047394,-59.39813724517822,-6.0,0.00011673609330318868,0.011477865188630846,0.3531188589334488,0.0,0.0,0.0,0.3905647210925817,0.0,0.0,0.0,18.349743843078613,247.0,737.757504042238,399.0,247000,399.0,365.13438059985083
-5.973734258174896,-59.42306226348877,-6.0,0.00030245845674653537,0.011412603814631064,0.35715786695480345,0.0,0.0,0.0,0.38607192106544974,0.0,0.0,0.0,18.250030279159546,248.0,722.1774720136309,399.0,248000,399.0,364.91333624258027
-6.002680205821991,-59.46028415298462,-6.0,-2.875953508191742e-05,0.01129471570773968,0.3583054427802563,0.0,0.0,0.0,0.37696194237470626,0.0,0.0,0.0,18.207960605621338,249.0,778.9791217595339,399.0,249000,399.0,364.7661484889334
-5.994190653800964,-59.463421501159665,-6.0,6.75197076780023e-05,0.011388004467318252,0.3582449791878462,0.0,0.0,0.0,0.37532145076990125,0.0,0.0,0.0,18.24783420562744,250.0,761.4546068962663,399.0,250000,399.0,388.7071529392972
-6.023512437820434,-59.354180110931395,-6.0,-0.0002663877272279933,0.011483504915122913,0.293496398627758,0.0,0.0,0.0,0.3835164831727743,0.0,0.0,0.0,48.38037347793579,251.0,717.121002028347,399.0,251000,399.0,338.22902705693775
-6.002375105381012,-59.25673092651367,-6.0,-2.5862138048978523e-05,0.011457504533919536,0.29742091582715513,0.0,0.0,0.0,0.38127728533744815,0.0,0.0,0.0,18.610823154449463,252.0,703.7969457412837,440.0,252000,440.0,375.1233596664462
-5.951328507423401,-59.11424739074707,-6.0,0.0005533799652039307,0.011343496778498096,0.29706520079076293,0.0,0.0,0.0,0.38101183918118475,0.0,0.0,0.0,18.219231843948364,253.0,763.5277949869633,440.0,253000,440.0,427.3186134125755
-6.030251227855683,-59.028077930450436,-6.0,-0.0003382450575736584,0.011268991053241478,0.2991528418213129,0.0,0.0,0.0,0.3826099200993776,0.0,0.0,0.0,18.05843186378479,254.0,740.4683535369113,440.0,254000,440.0,386.87098338697234
-5.988464039802551,-58.96839472579956,-6.0,0.00013245363176974935,0.01134559875438594,0.3005288910120726,0.0,0.0,0.0,0.38536944130063056,0.0,0.0,0.0,19.09232234954834,255.0,755.9281430097762,440.0,255000,440.0,422.92811817969647
-6.018113636493683,-58.90283130645752,-6.0,-0.00020401968868100084,0.011262117246857049,0.3051349014490843,0.0,0.0,0.0,0.38941448341310025,0.0,0.0,0.0,19.382309436798096,256.0,785.7285803537816,440.0,256000,440.0,443.82316883691345
-6.0060531001091,-58.84263787460327,-6.0,-6.75763972394634e-05,0.011509289074315495,0.3066177857816219,0.0,0.0,0.0,0.3973770658224821,0.0,0.0,0.0,18.204590797424316,257.0,733.233801947441,440.0,257000,440.0,409.9598972974286
-6.000989958286286,-58.7836736869812,-6.0,-9.896442454191855e-06,0.01142526598915515,0.3052666529417038,0.0,0.0,0.0,0.4078204324543476,0.0,0.0,0.0,17.99401831626892,258.0,733.1784972809255,440.0,258000,440.0,378.43701032559625
-6.00297065448761,-58.75296235275268,-6.0,-3.234536908712471e-05,0.011394506399380874,0.30717027181386947,0.0,0.0,0.0,0.39987980225682257,0.0,0.0,0.0,17.97823190689087,259.0,795.634781322442,440.0,259000,440.0,471.2430724755789
-6.0421530423164365,-58.767165229797364,-6.0,-0.0004906376017315779,0.011737001606974187,0.3103483467698097,0.0,0.0,0.0,0.40323102015256884,0.0,0.0,0.0,18.4880051612854,260.0,741.8198877992108,440.0,260000,440.0,432.8484927842277
-5.99979314661026,-58.79157356262207,-6.0,4.434804810443893e-06,0.01191581420277376,0.31048702244460585,0.0,0.0,0.0,0.413556633412838,0.0,0.0,0.0,27.350491046905518,261.0,742.509415673092,440.0,261000,440.0,402.65562382288357
-5.9775633234977725,-58.84622843170166,-6.0,0.0002662682058871724,0.011820735413705152,0.31333130836486817,0.0,0.0,0.0,0.4193489491939545,0.0,0.0,0.0,17.873558282852173,262.0,767.413991157664,440.0,262000,440.0,455.453867402701
-6.01731615972519,-58.89901680755615,-6.0,-0.00020213907648576423,0.011776083734903006,0.31485134430229667,0.0,0.0,0.0,0.4124290477931499,0.0,0.0,0.0,17.905901193618774,263.0,777.4755862923339,440.0,263000,440.0,436.12039203685464
-5.977434401035309,-58.9529792175293,-6.0,0.0002665380681573879,0.011848172260954914,0.3172302480340004,0.0,0.0,0.0,0.4052050874084234,0.0,0.0,0.0,18.616337060928345,264.0,743.1029649383272,440.0,264000,440.0,418.2305654985513
-5.991070045948028,-58.988654552459714,-6.0,0.00010531002323841676,0.0116876934587009,0.3177848881781101,0.0,0.0,0.0,0.40701156604290006,0.0,0.0,0.0,18.527499675750732,265.0,752.9520025633974,440.0,265000,440.0,417.287125097353
-5.988263135910034,-59.00319581985474,-6.0,0.00013666711653058882,0.011432601370209548,0.322726158991456,0.0,0.0,0.0,0.40450356240570545,0.0,0.0,0.0,18.307421684265137,266.0,735.8451737239957,440.0,266000,440.0,416.9052107529959
-6.026494031429291,-59.05909663391113,-6.0,-0.00030476402369095015,0.011518691976521145,0.3219716649353504,0.0,0.0,0.0,0.392116913408041,0.0,0.0,0.0,18.26008701324463,267.0,788.6430004443973,440.0,267000,440.0,466.6065818392075
-5.995435802459717,-59.05667520141601,-6.0,5.5931308495928534e-05,0.011654913481904228,0.3237647241801023,0.0,0.0,0.0,0.40120714597404006,0.0,0.0,0.0,19.217843532562256,268.0,783.4023325722665,440.0,268000,440.0,458.06351649589277
-6.01565340423584,-59.07894655227661,-6.0,-0.00018122422627493505,0.011697302668956222,0.32613742363452913,0.0,0.0,0.0,0.39386139217019084,0.0,0.0,0.0,18.14695930480957,269.0,793.353935512423,440.0,269000,440.0,480.36424770128525
-6.014637069225311,-59.08947640228271,-6.0,-0.0001706152245751582,0.011797911504554353,0.32761046724021436,0.0,0.0,0.0,0.3879916871190071,0.0,0.0,0.0,18.397379636764526,270.0,786.078678900376,440.0,270000,440.0,445.4513899300834
-5.970948471069336,-59.00714010238647,-6.0,0.0003439693937834818,0.011770723170864396,0.28485155223309994,0.0,0.0,0.0,0.39613700766861437,0.0,0.0,0.0,44.4395112991333,271.0,786.1455134749413,440.0,271000,440.0,456.12995195726546
-6.021412473678589,-58.93284874343872,-6.0,-0.0002495275399996899,0.01169672844472346,0.2863860562890768,0.0,0.0,0.0,0.40436654828488827,0.0,0.0,0.0,18.25003170967102,272.0,759.5437932256609,462.0,272000,462.0,427.6031296074714
-6.001909078598023,-58.90007637405395,-6.0,-2.0632994841434992e-05,0.011902386405364458,0.2887240265756845,0.0,0.0,0.0,0.39826239605247976,0.0,0.0,0.0,18.2475643157959,273.0,779.3561593294144,462.0,273000,462.0,461.7370492478449
-6.00052051115036,-58.910380771636966,-6.0,-4.2342614906374365e-06,0.011864383857928942,0.29247920383512976,0.0,0.0,0.0,0.4035630042552948,0.0,0.0,0.0,18.303191423416138,274.0,784.5645448146388,462.0,274000,462.0,464.31870783706376
-6.033334642410279,-58.8982188873291,-6.0,-0.0003985319353523664,0.012035683645428842,0.2924544320777059,0.0,0.0,0.0,0.4197089566886425,0.0,0.0,0.0,18.529919624328613,275.0,768.1018183000851,462.0,275000,462.0,461.60043593434654
-6.019254202365875,-58.85080477905274,-6.0,-0.0002336695553967729,0.01221299228754254,0.2932999400794506,0.0,0.0,0.0,0.42749189069867133,0.0,0.0,0.0,18.47708559036255,276.0,771.1736994385719,462.0,276000,462.0,464.6337290283719
-5.998666443347931,-58.88451539230347,-6.0,1.784839749961975e-05,0.012268977848707008,0.2951185421645641,0.0,0.0,0.0,0.439154563292861,0.0,0.0,0.0,18.159695148468018,277.0,796.6982280139346,462.0,277000,462.0,491.1874668209965
-6.0041961359977725,-58.95478336334229,-6.0,-5.0031870559905654e-05,0.012394403468637615,0.2979271467924118,0.0,0.0,0.0,0.4336537379473448,0.0,0.0,0.0,18.560510873794556,278.0,801.2021401952952,462.0,278000,462.0,497.86732958221995
-6.016441172122955,-58.99451807022095,-6.0,-0.00020317689928924665,0.012367230744440282,0.2999237641096115,0.0,0.0,0.0,0.4544358868002892,0.0,0.0,0.0,18.230396509170532,279.0,789.2716705109924,462.0,279000,462.0,493.6089900537998
-5.987210256576538,-59.06132222366333,-6.0,0.00016150940991065,0.01249546439521338,0.3012909581065178,0.0,0.0,0.0,0.46358631056547167,0.0,0.0,0.0,18.694464683532715,280.0,767.0845230836421,462.0,280000,462.0,479.6425709597698
-5.966635850429535,-59.129203720092775,-6.0,0.00041055191275518154,0.012253578675307974,0.3039776148200035,0.0,0.0,0.0,0.4575956879854202,0.0,0.0,0.0,28.03259515762329,281.0,760.1121525503695,462.0,281000,462.0,486.7737379796322
-6.048831317424774,-59.192146869659425,-6.0,-0.000600345546452445,0.012429106239693873,0.3033473823517561,0.0,0.0,0.0,0.46183279874920846,0.0,0.0,0.0,18.303767919540405,282.0,812.0183827392757,462.0,282000,462.0,507.2294082727295
-6.003475152492523,-59.292220149993895,-6.0,-4.214987125305925e-05,0.012487815235133953,0.30638072894513607,0.0,0.0,0.0,0.46469121539592745,0.0,0.0,0.0,18.161688804626465,283.0,806.546509610489,462.0,283000,462.0,489.1116246318174
-5.997431770324707,-59.380709938049314,-6.0,3.408245496393647e-05,0.012529115049025562,0.30763647383451465,0.0,0.0,0.0,0.466132916405797,0.0,0.0,0.0,18.18609595298767,284.0,813.7775301039219,462.0,284000,462.0,515.0030040444072
-5.980583234786987,-59.37490644073486,-6.0,0.00024396906397305428,0.012437256396672312,0.30776727718114855,0.0,0.0,0.0,0.4553620139360428,0.0,0.0,0.0,18.183714628219604,285.0,782.8539610216394,462.0,285000,462.0,461.6364763345833
-6.010520725727082,-59.46473747253418,-6.0,-0.00012838008163089398,0.012366123599413668,0.309478680446744,0.0,0.0,0.0,0.45524937245249747,0.0,0.0,0.0,18.239654541015625,286.0,801.0084019005299,462.0,286000,462.0,487.0815696938881
-5.988674471855163,-59.545315990447996,-6.0,0.00014307024856680074,0.012545395197449563,0.31469888588786127,0.0,0.0,0.0,0.4695651794373989,0.0,0.0,0.0,18.12515640258789,287.0,806.914908260107,462.0,287000,462.0,491.25879870273246
-6.016444246292115,-59.597785369873044,-6.0,-0.00020287783286767082,0.012370616903646166,0.3150190544575453,0.0,0.0,0.0,0.46118884882330896,0.0,0.0,0.0,18.27967119216919,288.0,813.6105199940503,462.0,288000,462.0,495.8892509843149
-6.021923014640808,-59.68975490570068,-6.0,-0.0002756092630152125,0.012640826874702443,0.3181374635398388,0.0,0.0,0.0,0.4662054939568043,0.0,0.0,0.0,18.53673791885376,289.0,793.9141716174781,462.0,289000,462.0,493.7144799999556
-5.951698069572449,-59.73704471206665,-6.0,0.0006056342931115068,0.01249595449864739,0.3181688196361065,0.0,0.0,0.0,0.4695097081363201,0.0,0.0,0.0,18.139901161193848,290.0,800.0772040449083,462.0,290000,462.0,474.26904646896435
-6.00898512840271,-59.74802555847168,-6.0,-0.00010879621224012225,0.012417756568317947,0.26461512794345615,0.0,0.0,0.0,0.4708014910519123,0.0,0.0,0.0,43.17565202713013,291.0,794.4114840214606,462.0,291000,462.0,495.1579026285273
-6.0481093873977665,-59.72662630844116,-6.0,-0.000604024131083861,0.012546324510358522,0.2681670780777931,0.0,0.0,0.0,0.46857475888729094,0.0,0.0,0.0,18.052680015563965,292.0,786.6817325009033,484.0,292000,484.0,517.2730336746662
-5.993292665958404,-59.72171769714355,-6.0,8.82958743313793e-05,0.01258427496753265,0.27142015950381754,0.0,0.0,0.0,0.46705658531188965,0.0,0.0,0.0,19.49307346343994,293.0,756.1862289430574,484.0,293000,484.0,480.2698024848038
-6.0165803365707395,-59.709280757904054,-6.0,-0.00021137869109224994,0.012736503906746013,0.2718452821820974,0.0,0.0,0.0,0.4772204842269421,0.0,0.0,0.0,20.18360209465027,294.0,774.7590579390526,484.0,294000,484.0,513.3427672111499
-6.00488437128067,-59.76160924530029,-6.0,-6.121572700794786e-05,0.012930066604427448,0.274515780672431,0.0,0.0,0.0,0.48741990911960603,0.0,0.0,0.0,20.04267692565918,295.0,750.6921292507905,484.0,295000,484.0,470.9188022851868
-5.977723405838013,-59.8147703704834,-6.0,0.000287903602264123,0.012892791055158621,0.2772682885527611,0.0,0.0,0.0,0.48487587544322014,0.0,0.0,0.0,18.7374107837677,296.0,786.4139426909387,484.0,296000,484.0,505.5658940038579
-6.001975700378418,-59.80531332778931,-6.0,-2.2876585484482347e-05,0.012727467160689569,0.2783488103598356,0.0,0.0,0.0,0.4929421282112598,0.0,0.0,0.0,18.007315158843994,297.0,771.853001832962,484.0,297000,484.0,506.596660039707
-6.012844568729401,-59.929304431915284,-6.0,-0.00016215559499687516,0.012788580123982913,0.2786422037780285,0.0,0.0,0.0,0.4957582769691944,0.0,0.0,0.0,18.044315338134766,298.0,781.5766155254096,484.0,298000,484.0,504.21332022411275
-5.96387623167038,-59.97582906723022,-6.0,0.00046132467901043126,0.01268232485252676,0.27937962019443513,0.0,0.0,0.0,0.4972820548713207,0.0,0.0,0.0,18.10149884223938,299.0,786.1818211115897,484.0,299000,484.0,505.2148215646395
-6.037019985198975,-60.07583232116699,-6.0,-0.0004686258398287464,0.012758083898319672,0.2831471221446991,0.0,0.0,0.0,0.49272726410627365,0.0,0.0,0.0,18.0930814743042,300.0,770.8003296824172,484.0,300000,484.0,496.8036065758613
-5.970171676635742,-60.141570655822754,-6.0,0.00038242618486401624,0.01274223299205197,0.2837689660489559,0.0,0.0,0.0,0.48787447917461396,0.0,0.0,0.0,27.476529121398926,301.0,789.696524836123,484.0,301000,484.0,498.9554715186921
-5.985405793190003,-60.206551265716556,-6.0,0.00018498212697159034,0.012534756098305528,0.28398495095968246,0.0,0.0,0.0,0.4955839354991913,0.0,0.0,0.0,17.77983260154724,302.0,792.8227332327515,484.0,302000,484.0,501.1894340940261
-6.000768652915955,-60.24248122024536,-6.0,-7.243882064358331e-06,0.012410030415019894,0.2861769439205527,0.0,0.0,0.0,0.49535472521185875,0.0,0.0,0.0,17.79282236099243,303.0,752.9936411399394,484.0,303000,484.0,472.86267365672944
-6.042989311695099,-60.351809448242186,-6.0,-0.000543272377573885,0.012777716804326487,0.29049748307466505,0.0,0.0,0.0,0.4868568623363972,0.0,0.0,0.0,18.12396764755249,304.0,778.3955036753323,484.0,304000,484.0,489.87002310408593
-6.007587048053741,-60.36752883911133,-6.0,-9.565153229050338e-05,0.012881814508245052,0.28911389303207397,0.0,0.0,0.0,0.4916567487716675,0.0,0.0,0.0,18.117329835891724,305.0,776.5423366203904,484.0,305000,484.0,472.2849049846177
-5.9647666893005375,-60.49532403564453,-6.0,0.0004517666476167506,0.01286804715760019,0.29362658432126043,0.0,0.0,0.0,0.48153334006667137,0.0,0.0,0.0,17.917253971099854,306.0,794.0898388624191,484.0,306000,484.0,517.6286610859091
-6.002422917366028,-60.53011217880249,-6.0,-2.832387897069566e-05,0.01254186040414156,0.2945966063439846,0.0,0.0,0.0,0.4925449484586716,0.0,0.0,0.0,18.049268007278442,307.0,770.5722421414685,484.0,307000,484.0,491.91284855540283
-6.007948059558869,-60.53676347351074,-6.0,-9.784095414215699e-05,0.012605987312756228,0.29534467524290087,0.0,0.0,0.0,0.4810060822069645,0.0,0.0,0.0,18.132602214813232,308.0,793.1392547301948,484.0,308000,484.0,505.09155081795353
-5.995334474563599,-60.62609621047974,-6.0,6.11207723559346e-05,0.012472078497115272,0.2961868892163038,0.0,0.0,0.0,0.4934667838513851,0.0,0.0,0.0,18.427983045578003,309.0,781.1597713399678,484.0,309000,484.0,510.5720868474315
-5.991227941989899,-60.723110164642335,-6.0,0.0001123409427527804,0.012662297582288706,0.29931797823309897,0.0,0.0,0.0,0.5009820254743099,0.0,0.0,0.0,18.03629732131958,310.0,736.4524635061389,484.0,310000,484.0,466.7289054172524
-6.0398937711715694,-60.730554397583006,-6.0,-0.0005068392248649615,0.01269343137417908,0.2836763224005699,0.0,0.0,0.0,0.49527788409590723,0.0,0.0,0.0,47.22854685783386,311.0,783.2630907576531,484.0,311000,484.0,498.18948176849835
-5.97792506313324,-60.77334669876099,-6.0,0.00028577103924180846,0.012739231695373353,0.28659970793128015,0.0,0.0,0.0,0.4933914387226105,0.0,0.0,0.0,18.309328079223633,312.0,765.5291154757142,496.0,312000,496.0,484.81398321686385
-6.000228365898132,-60.75995077896118,-6.0,-8.64909787196666e-07,0.012744978369735841,0.2857004458606243,0.0,0.0,0.0,0.4917933746576309,0.0,0.0,0.0,18.112071990966797,313.0,757.7684761412384,496.0,313000,496.0,485.19854193440136
-6.042092869281769,-60.859181945800785,-6.0,-0.0005429533197893761,0.012869971633360707,0.2904246138781309,0.0,0.0,0.0,0.5033527078330516,0.0,0.0,0.0,17.840094804763794,314.0,768.8707533022389,496.0,314000,496.0,491.5711600371529
-5.9656783351898195,-60.856490333557126,-6.0,0.0004483829243836226,0.013092223797217665,0.28782376828789713,0.0,0.0,0.0,0.5027906910777092,0.0,0.0,0.0,18.060176372528076,315.0,796.0790212750435,496.0,315000,496.0,494.9274701879568
-5.993866351604462,-60.92086763381958,-6.0,8.02768011490116e-05,0.012750521504225818,0.2935734318196774,0.0,0.0,0.0,0.49244736549258233,0.0,0.0,0.0,18.072593927383423,316.0,789.5760057223961,496.0,316000,496.0,515.1226264506781
-5.988438759803772,-60.970591472625735,-6.0,0.00014866714990785114,0.012655792001252244,0.293314843326807,0.0,0.0,0.0,0.490747191041708,0.0,0.0,0.0,18.046212196350098,317.0,806.3946421816945,496.0,317000,496.0,521.8717536865538
-6.014567791461944,-61.00642603683472,-6.0,-0.0001830302282469347,0.012831782290128784,0.29508714444935324,0.0,0.0,0.0,0.4978591487407684,0.0,0.0,0.0,17.9364333152771,318.0,780.1855079848319,496.0,318000,496.0,504.7940890936292
-5.99664377450943,-61.07705296707153,-6.0,4.524204376502894e-05,0.012816999938379325,0.2964019742757082,0.0,0.0,0.0,0.4811383711695671,0.0,0.0,0.0,18.09769868850708,319.0,776.6086368022952,496.0,319000,496.0,502.59886738566155
-5.974087077617646,-61.16859987640381,-6.0,0.0003288517749606399,0.012683994255581926,0.29898251116275787,0.0,0.0,0.0,0.4923643212020397,0.0,0.0,0.0,17.938420057296753,320.0,811.2041051387787,496.0,320000,496.0,533.003516576093
-6.036122809886932,-61.221850067138675,-6.0,-0.00045550599876150957,0.012575573599871126,0.29909623128175733,0.0,0.0,0.0,0.48254463604092596,0.0,0.0,0.0,27.89687418937683,321.0,803.5813965462148,496.0,321000,496.0,508.2817155355573
-5.987433458805084,-61.26711307525635,-6.0,0.00016316900419042213,0.012898195887005253,0.299486774623394,0.0,0.0,0.0,0.4918743762075901,0.0,0.0,0.0,17.93053674697876,322.0,812.1162953949533,496.0,322000,496.0,530.994835741411
-6.014547575473785,-61.37822054672241,-6.0,-0.00018368899014603812,0.012707342659341704,0.3046029834896326,0.0,0.0,0.0,0.4877253065705299,0.0,0.0,0.0,18.10761022567749,323.0,768.6013307254761,496.0,323000,496.0,508.16456549456296
-6.002570048809051,-61.43734200668335,-6.0,-3.1373059668112545e-05,0.012870453049099806,0.30137598468363286,0.0,0.0,0.0,0.47863510584831237,0.0,0.0,0.0,17.977110385894775,324.0,811.4630294549279,496.0,324000,496.0,512.0240456974519
-5.987523155212402,-61.56009922027588,-6.0,0.00016212748715770431,0.01274424446572844,0.30507508216798307,0.0,0.0,0.0,0.4835083687007427,0.0,0.0,0.0,17.991057872772217,325.0,811.6153771616518,496.0,325000,496.0,519.6147592795702
-6.014517374515534,-61.641449756622315,-6.0,-0.0001847419728001114,0.012833666137605953,0.30823934403061864,0.0,0.0,0.0,0.48378202003240584,0.0,0.0,0.0,18.009293794631958,326.0,796.3182474253699,496.0,326000,496.0,515.5059041390078
-5.985377630710602,-61.70138483047485,-6.0,0.00018936246051453053,0.01285851591240098,0.3080954325646162,0.0,0.0,0.0,0.488601402848959,0.0,0.0,0.0,17.91692042350769,327.0,815.1094423532486,496.0,327000,496.0,528.8420203190755
-5.995307558059692,-61.76943886566162,-6.0,6.160192232346162e-05,0.01270316552678237,0.31208579118549823,0.0,0.0,0.0,0.48775875797867774,0.0,0.0,0.0,18.01937198638916,328.0,797.2480374816805,496.0,328000,496.0,515.2283696756339
-6.017583263397217,-61.89462978363037,-6.0,-0.00022331438629771583,0.012692770392687765,0.3125329694151878,0.0,0.0,0.0,0.4955328986942768,0.0,0.0,0.0,17.991193771362305,329.0,807.1829802531283,496.0,329000,496.0,526.3168808889815
-6.020415623188018,-61.97948433685303,-6.0,-0.0002633116676879581,0.01297833241555808,0.31284636102616786,0.0,0.0,0.0,0.5043849914968014,0.0,0.0,0.0,18.03841781616211,330.0,787.4176634252071,496.0,330000,496.0,516.1343074908606
-6.0153128004074095,-62.01055827331543,-6.0,-0.0001992033800925128,0.013084810606275981,0.29517527301609514,0.0,0.0,0.0,0.5112820964157582,0.0,0.0,0.0,34.201069831848145,331.0,750.265729912906,496.0,331000,496.0,512.950127397376
-5.971285617828369,-62.16234176635742,-6.0,0.0003778250097821001,0.013210873010323138,0.3000476996898651,0.0,0.0,0.0,0.5059726291298866,0.0,0.0,0.0,18.039583921432495,332.0,787.3583338493481,499.0,332000,499.0,526.090754545092
-6.011764735221862,-62.20660101699829,-6.0,-0.00015109459281666205,0.013158443519289999,0.29994181407988074,0.0,0.0,0.0,0.5151603547632694,0.0,0.0,0.0,17.972835779190063,333.0,781.6810254777083,499.0,333000,499.0,503.3459832736367
-5.983143079280853,-62.27234250640869,-6.0,0.00022086020681308583,0.012973686277113651,0.30132287059724333,0.0,0.0,0.0,0.5031485608518124,0.0,0.0,0.0,17.901909351348877,334.0,803.110747202998,499.0,334000,499.0,522.3644416184242
-5.964517507553101,-62.32452086257935,-6.0,0.00045451262706774285,0.012618613175542828,0.3056866815686226,0.0,0.0,0.0,0.48855622053146364,0.0,0.0,0.0,18.00255823135376,335.0,818.7667658999562,499.0,335000,499.0,527.8332103408417
-5.987626695156098,-62.3224319267273,-6.0,0.0001571116618870292,0.012565848362337208,0.3037283590584993,0.0,0.0,0.0,0.48091708120703697,0.0,0.0,0.0,18.024665594100952,336.0,822.5773250088096,499.0,336000,499.0,539.3172486314747
-6.001214017391205,-62.38489060211182,-6.0,-1.2616181964403949e-05,0.012424010220717596,0.30703280594944954,0.0,0.0,0.0,0.4840796486437321,0.0,0.0,0.0,18.11258101463318,337.0,790.1281040050089,499.0,337000,499.0,511.9871704745964
-5.992891314029694,-62.4299164390564,-6.0,9.0278638919699e-05,0.012399281447436968,0.3090747684389353,0.0,0.0,0.0,0.46655904391407965,0.0,0.0,0.0,18.0732741355896,338.0,817.5348397558555,499.0,338000,499.0,527.3305375951371
-5.988351652622223,-62.43704381942749,-6.0,0.00014656775243929588,0.012403955132027116,0.30881044287979603,0.0,0.0,0.0,0.47641518992185594,0.0,0.0,0.0,18.090002059936523,339.0,798.2784615859855,499.0,339000,499.0,516.5793938415119
-5.9736387186050415,-62.4604613494873,-6.0,0.000323068396828603,0.01216311806407512,0.3113768506646156,0.0,0.0,0.0,0.4675519311130047,0.0,0.0,0.0,18.04944920539856,340.0,807.3335860185325,499.0,340000,499.0,523.4871101501097
-6.027813914299011,-62.52218699645996,-6.0,-0.00033748000241757837,0.012180423133751261,0.3127996487468481,0.0,0.0,0.0,0.47593298640847204,0.0,0.0,0.0,27.591501712799072,341.0,780.1608222234063,499.0,341000,499.0,519.1000450197356
-6.052266701698303,-62.57796974945068,-6.0,-0.0006548664776782971,0.012665810188498362,0.3116163616031408,0.0,0.0,0.0,0.48564075338840484,0.0,0.0,0.0,18.003493785858154,342.0,791.955355017155,499.0,342000,499.0,523.9706120391957
-5.988991668224335,-62.69173195266723,-6.0,0.00014216143534576985,0.012818304974700186,0.3142814173400402,0.0,0.0,0.0,0.5048341535329819,0.0,0.0,0.0,18.0827476978302,343.0,823.188744828105,499.0,343000,499.0,546.5122896486952
-6.0321681332588195,-62.781253299713136,-6.0,-0.0004122074781334959,0.012869130829000373,0.3166449608951807,0.0,0.0,0.0,0.4967360336482525,0.0,0.0,0.0,18.08128070831299,344.0,802.9544622590765,499.0,344000,499.0,519.3973459350578
-5.948395009994507,-62.896814598083495,-6.0,0.0006624668229342206,0.012701579172718502,0.3169410206526518,0.0,0.0,0.0,0.5089462783038616,0.0,0.0,0.0,18.041041374206543,345.0,805.2476426921785,499.0,345000,499.0,517.541833941581
-5.9851809616088865,-63.0474016494751,-6.0,0.00018639225639344658,0.012488986307110237,0.31974185417592527,0.0,0.0,0.0,0.49060377779603004,0.0,0.0,0.0,18.102177143096924,346.0,803.3020721320063,499.0,346000,499.0,537.0321511930301
-5.981229072093964,-63.09779158782959,-6.0,0.00023349301466078033,0.01229639448886265,0.32034949539601804,0.0,0.0,0.0,0.48442022103071214,0.0,0.0,0.0,17.9837007522583,347.0,823.2429385147989,499.0,347000,499.0,519.5463974912657
-6.02375860118866,-63.22686909103393,-6.0,-0.0002910215623123804,0.01224831245958407,0.32472426582872865,0.0,0.0,0.0,0.46973911245167255,0.0,0.0,0.0,18.01830554008484,348.0,808.6633069179952,499.0,348000,499.0,514.5304809387429
-5.967416521549225,-63.27783470153808,-6.0,0.000402710690832464,0.012287313766069872,0.3244664206802845,0.0,0.0,0.0,0.4696158810853958,0.0,0.0,0.0,18.206954956054688,349.0,802.8036149209365,499.0,349000,499.0,510.83456669487964
-5.985744760990142,-63.300548107147215,-6.0,0.00017448517083539628,0.012128515694608879,0.32287292939424517,0.0,0.0,0.0,0.47889529702067374,0.0,0.0,0.0,18.162362813949585,350.0,782.9971931551117,499.0,350000,499.0,504.50376005796346
-6.04860849237442,-63.3387311668396,-6.0,-0.000593973475668463,0.01224761743712671,0.2913495400995016,0.0,0.0,0.0,0.46881992226839064,0.0,0.0,0.0,40.30693507194519,351.0,792.7948223389685,499.0,351000,499.0,500.83924526810887
-6.0292331099510195,-63.28644473266601,-6.0,-0.00036730790660658384,0.01264789303070476,0.28824098083376887,0.0,0.0,0.0,0.4774041657447815,0.0,0.0,0.0,18.443764448165894,352.0,816.7637767773122,501.0,352000,501.0,520.656975758517
-6.001657180309295,-63.35212516403198,-6.0,-1.9639443547930568e-05,0.012753818362905124,0.2933799746334553,0.0,0.0,0.0,0.4814964928328991,0.0,0.0,0.0,17.8556387424469,353.0,791.3528629099019,501.0,353000,501.0,518.7128944919539
-5.993099287509918,-63.34952944946289,-6.0,8.991346543189138e-05,0.012803596062561977,0.2951868741810322,0.0,0.0,0.0,0.4920087901055813,0.0,0.0,0.0,17.953503608703613,354.0,795.1396030317992,501.0,354000,501.0,507.8376400778747
-6.017305342197418,-63.41788563919067,-6.0,-0.00021934665071603377,0.0127993402696191,0.29559481991827485,0.0,0.0,0.0,0.49149844709038737,0.0,0.0,0.0,18.025217056274414,355.0,815.7082371171564,501.0,355000,501.0,517.0409036247053
-6.002051955699921,-63.390951721191406,-6.0,-2.3598724859766662e-05,0.012855418474832727,0.2949117853343487,0.0,0.0,0.0,0.504310923397541,0.0,0.0,0.0,17.977218627929688,356.0,800.4740264206193,501.0,356000,501.0,502.31881104328926
-5.982862708091736,-63.46145182800293,-6.0,0.00022130832548282342,0.012884033361129405,0.2976301507204771,0.0,0.0,0.0,0.5069014147222042,0.0,0.0,0.0,17.88296604156494,357.0,796.255928428378,501.0,357000,501.0,507.0137543486401
-5.9688471326828,-63.48983048248291,-6.0,0.0003940438338322565,0.012668500010289603,0.3009607297033072,0.0,0.0,0.0,0.5018078834116458,0.0,0.0,0.0,18.08591938018799,358.0,803.6041209725663,501.0,358000,501.0,514.2347273489466
-5.9885306925773625,-63.49479489898682,-6.0,0.00014416094415355474,0.01232804350726898,0.2984693186879158,0.0,0.0,0.0,0.4968482575416565,0.0,0.0,0.0,17.90985131263733,359.0,822.0254161059856,501.0,359000,501.0,530.6849972880186
-6.033724641323089,-63.572521911621095,-6.0,-0.0004195765189797385,0.012430517583122937,0.30198430122435094,0.0,0.0,0.0,0.5021033376157283,0.0,0.0,0.0,17.871013164520264,360.0,816.4667352586985,501.0,360000,501.0,514.7834363010596
-6.047789824485779,-63.603019779205326,-6.0,-0.0006129681134480052,0.012806377152061699,0.3037725267112255,0.0,0.0,0.0,0.49780084323883056,0.0,0.0,0.0,27.686485290527344,361.0,717.5053618219681,501.0,361000,501.0,450.9583731372581
-5.991646651744842,-63.69818995666504,-6.0,0.00011156739832949825,0.013017024997807594,0.30713061724603175,0.0,0.0,0.0,0.5201388852000236,0.0,0.0,0.0,18.544195890426636,362.0,794.6580349095166,501.0,362000,501.0,514.3919681415914
-5.95923452758789,-63.7841561126709,-6.0,0.0005252314714161912,0.012876481292941323,0.30755466561019423,0.0,0.0,0.0,0.5172618020474911,0.0,0.0,0.0,18.487492561340332,363.0,796.2443008745322,501.0,363000,501.0,505.71756233990146
-6.013895119667053,-63.84999208068847,-6.0,-0.00017406227553146893,0.012574741453386093,0.3082933994978666,0.0,0.0,0.0,0.5110752560794354,0.0,0.0,0.0,18.313408613204956,364.0,719.979393930058,501.0,364000,501.0,463.7378862467327
-5.977704231739044,-63.89881936264038,-6.0,0.0002848031412868295,0.01265142684574874,0.30755813235044477,0.0,0.0,0.0,0.5046573451757431,0.0,0.0,0.0,18.561660289764404,365.0,815.0902534481138,501.0,365000,501.0,524.3428574211699
-6.017651661872864,-64.002252243042,-6.0,-0.00022042189592320937,0.012557314537773692,0.3122046641111374,0.0,0.0,0.0,0.5034833969771862,0.0,0.0,0.0,18.05321979522705,366.0,825.9133389350027,501.0,366000,501.0,532.0882949999042
-6.006618106365204,-64.00549347305298,-6.0,-8.256714540766552e-05,0.012715912849546897,0.3109150206148624,0.0,0.0,0.0,0.5129851059317588,0.0,0.0,0.0,18.065757036209106,367.0,820.1245753942057,501.0,367000,501.0,531.6318648550185
-5.9672605409622195,-64.09307944869995,-6.0,0.0004152930561976973,0.01258220234250419,0.31435930125415323,0.0,0.0,0.0,0.5005593188405036,0.0,0.0,0.0,18.452906847000122,368.0,821.8271691650152,501.0,368000,501.0,521.4087206603721
-6.015062995433808,-64.18854266738892,-6.0,-0.00018743058496329467,0.012491006939830686,0.3176579941958189,0.0,0.0,0.0,0.485326585739851,0.0,0.0,0.0,19.469869136810303,369.0,766.2054098215885,501.0,369000,501.0,500.7510880158546
-6.018253746032715,-64.18522225952148,-6.0,-0.00022976503503741697,0.012793150296772398,0.3142523315548897,0.0,0.0,0.0,0.5039297409057617,0.0,0.0,0.0,18.791531085968018,370.0,763.9367776988074,501.0,370000,501.0,492.41944243619815
-6.00152593755722,-64.23975248336792,-6.0,-1.8195724609540777e-05,0.01279386841758456,0.31619495199620723,0.0,0.0,0.0,0.5168818100243807,0.0,0.0,0.0,27.662824392318726,371.0,820.0094573497772,501.0,371000,501.0,512.3644078027958
-6.02960059261322,-64.31881128692626,-6.0,-0.0003804925709118834,0.012836273249675496,0.3186917579472065,0.0,0.0,0.0,0.5167718870341778,0.0,0.0,0.0,17.938464879989624,372.0,822.1257045194507,501.0,372000,501.0,514.1401271566816
-5.953204271793365,-64.33487731552124,-6.0,0.0006035825252765789,0.012859396494579544,0.31762591706216337,0.0,0.0,0.0,0.5120936128497123,0.0,0.0,0.0,18.49021291732788,373.0,797.9682276174426,501.0,373000,501.0,500.08824603572475
-6.001430464744568,-64.42485432434081,-6.0,-1.5963048950652593e-05,0.01266672058167506,0.3210099170953035,0.0,0.0,0.0,0.513002249032259,0.0,0.0,0.0,18.274550437927246,374.0,784.9111651098356,501.0,374000,501.0,486.96873795062214
-6.010715359687805,-64.47580369949341,-6.0,-0.00013391106852213852,0.012781311770336446,0.31937225677073,0.0,0.0,0.0,0.5179535421133041,0.0,0.0,0.0,18.294930458068848,375.0,822.4003684520721,501.0,375000,501.0,521.8298506296278
-5.979460164546967,-64.49536944198609,-6.0,0.0002624648475757567,0.012564343608383276,0.3200425712317228,0.0,0.0,0.0,0.5131254110336304,0.0,0.0,0.0,18.29780626296997,376.0,803.531373728998,501.0,376000,501.0,514.7596481228472
-5.976769214630127,-64.5719819946289,-6.0,0.00029203341976972297,0.012472445074066143,0.32472080436348916,0.0,0.0,0.0,0.5164262049496174,0.0,0.0,0.0,18.82526469230652,377.0,808.2279152888805,501.0,377000,501.0,503.6714291834051
-6.016124556541443,-64.62963645553589,-6.0,-0.00019795874433475546,0.012441019729952285,0.32682601538300515,0.0,0.0,0.0,0.5170632328093052,0.0,0.0,0.0,17.847777366638184,378.0,815.7214296348393,501.0,378000,501.0,511.5069332850428
-6.044930327415466,-64.66747543716431,-6.0,-0.0005686143941129558,0.012665961358206919,0.3278602375686169,0.0,0.0,0.0,0.5148343644440174,0.0,0.0,0.0,17.82853078842163,379.0,786.8286126703024,501.0,379000,501.0,501.62057434527486
-6.002128428459168,-64.76605624008178,-6.0,-2.4933718028478326e-05,0.012753597070853887,0.3265329278856516,0.0,0.0,0.0,0.5082083502411843,0.0,0.0,0.0,17.86647057533264,380.0,804.0205731783062,501.0,380000,501.0,516.7513460579854
-5.96314103269577,-64.8204969139099,-6.0,0.00047215573678840886,0.012829120776109093,0.33072949601709845,0.0,0.0,0.0,0.5174211062788964,0.0,0.0,0.0,27.486175537109375,381.0,796.1285743744811,501.0,381000,501.0,508.0853656048906
-6.008166709423065,-64.94418329238891,-6.0,-0.00010077122334041633,0.012674080653846285,0.3316702440828085,0.0,0.0,0.0,0.5176977179646493,0.0,0.0,0.0,17.923203706741333,382.0,823.9675093181431,501.0,382000,501.0,526.0499716838037
-5.997912922859192,-65.00730395889282,-6.0,2.8319328790530562e-05,0.012676867637214234,0.3330324896723032,0.0,0.0,0.0,0.508129104077816,0.0,0.0,0.0,17.92321467399597,383.0,802.1767648961395,501.0,383000,501.0,518.181517899372
-6.008399163722992,-65.08080350875855,-6.0,-0.00010496661107754335,0.012651271486375565,0.3328493203669786,0.0,0.0,0.0,0.5064458313584328,0.0,0.0,0.0,17.85698127746582,384.0,774.3695010294468,501.0,384000,501.0,513.3758531105792
-5.961754203796387,-65.15155256652832,-6.0,0.00048194544797297567,0.012649554494815491,0.33524381622672084,0.0,0.0,0.0,0.5079752443134785,0.0,0.0,0.0,18.0231192111969,385.0,806.9406925840303,501.0,385000,501.0,523.1489138589969
-6.019114394187927,-65.19151085662841,-6.0,-0.0002366585818817839,0.012387951109771145,0.33318904238939284,0.0,0.0,0.0,0.5129457317590713,0.0,0.0,0.0,17.8533353805542,386.0,779.7633090416202,501.0,386000,501.0,523.6530521723457
-5.964106994152069,-65.32370932388305,-6.0,0.00044618532483582386,0.012338307159047197,0.3373058243691921,0.0,0.0,0.0,0.4870860017836094,0.0,0.0,0.0,17.888623237609863,387.0,807.892620485276,501.0,387000,501.0,523.7838044923434
-5.986412257194519,-65.33196688842773,-6.0,0.00016733200155431404,0.01223653457772304,0.33744340571761133,0.0,0.0,0.0,0.4915725664198399,0.0,0.0,0.0,17.851789474487305,388.0,797.1609335970134,501.0,388000,501.0,519.7979745681384
-6.037272679328918,-65.41371556091309,-6.0,-0.0004550538337789476,0.012181149028849567,0.3384001493304968,0.0,0.0,0.0,0.47054138454794886,0.0,0.0,0.0,17.8470299243927,389.0,820.528769839555,501.0,389000,501.0,530.0425315768653
-5.980016931533814,-65.4755768623352,-6.0,0.0002482775212265551,0.012384625423483236,0.3423860321342945,0.0,0.0,0.0,0.4718353315293789,0.0,0.0,0.0,17.74675965309143,390.0,799.4550235224888,501.0,390000,501.0,507.075922365828
-5.984353627681732,-65.49390176391601,-6.0,0.00019231532028061337,0.012198525087627574,0.34403711545467375,0.0,0.0,0.0,0.4788150943815708,0.0,0.0,0.0,27.406537532806396,391.0,781.0584327732213,501.0,391000,501.0,500.5155629052438
-6.016558552742004,-65.49159992218017,-6.0,-0.0001992324431485031,0.012324444726157915,0.3418005140721798,0.0,0.0,0.0,0.48356227254867556,0.0,0.0,0.0,17.774536848068237,392.0,824.0422569215298,501.0,392000,501.0,527.3108682741838
-6.0388761301040645,-65.5538390045166,-6.0,-0.00048151667717320377,0.012423660641203272,0.34353187687695025,0.0,0.0,0.0,0.4833388388454914,0.0,0.0,0.0,17.877760887145996,393.0,809.9894416850875,501.0,393000,501.0,522.6347650903863
-5.960638912200928,-65.60123297119141,-6.0,0.0004914428691845387,0.012519421419097199,0.34396347874403,0.0,0.0,0.0,0.48735458877682686,0.0,0.0,0.0,17.844540119171143,394.0,828.9284258186817,501.0,394000,501.0,529.7235841019259
-5.996364341735839,-65.67182333755493,-6.0,4.628893508925103e-05,0.012264389486166876,0.346639705568552,0.0,0.0,0.0,0.4910921890437603,0.0,0.0,0.0,17.86474585533142,395.0,808.2761154534819,501.0,395000,501.0,532.0364556914957
-5.975882029056549,-65.76216312026978,-6.0,0.00029404400679050016,0.01212799934526182,0.3456016927212477,0.0,0.0,0.0,0.48804927375912666,0.0,0.0,0.0,17.826737880706787,396.0,816.6776354946196,501.0,396000,501.0,506.53326768809814
-5.9994129114151,-65.7894628791809,-6.0,9.06473965733312e-06,0.01198719810764986,0.3484420670568943,0.0,0.0,0.0,0.4965536012351513,0.0,0.0,0.0,17.834760189056396,397.0,815.6618754863739,501.0,397000,501.0,515.9880372421943
-6.022393805503845,-65.87305518341064,-6.0,-0.00026883827085839586,0.012128149095241868,0.34885396793484685,0.0,0.0,0.0,0.4789519500732422,0.0,0.0,0.0,17.868539571762085,398.0,807.7051504307892,501.0,398000,501.0,518.8601023392968
-5.984178210735321,-65.90737882995606,-6.0,0.0001937288665503729,0.012213892470587042,0.3512920544594526,0.0,0.0,0.0,0.4827281804680824,0.0,0.0,0.0,17.873385429382324,399.0,802.1993676843122,501.0,399000,501.0,501.1212469798796
-6.021276880741119,-65.9897269821167,-6.0,-0.000256519145652419,0.012154248673378082,0.3522430766969919,0.0,0.0,0.0,0.4737033312022686,0.0,0.0,0.0,17.859906435012817,400.0,821.8144585862756,501.0,400000,501.0,512.0967373483859
-6.0009944515228275,-66.04673858642577,-6.0,-1.0371914628194645e-05,0.012206588290426772,0.35241470389068125,0.0,0.0,0.0,0.46515982499718667,0.0,0.0,0.0,27.42857837677002,401.0,828.7946048974991,501.0,401000,501.0,524.2178505205004
-5.977554838180542,-66.13154713439941,-6.0,0.00027515458526613655,0.012201559266522694,0.35279291862249373,0.0,0.0,0.0,0.47526075506210325,0.0,0.0,0.0,17.88563823699951,402.0,806.1424662284553,501.0,402000,501.0,497.42167113389837
-6.0292870488166805,-66.1565784072876,-6.0,-0.0003543087376165204,0.012239417330676303,0.3549185812473297,0.0,0.0,0.0,0.4795764684677124,0.0,0.0,0.0,17.84113359451294,403.0,822.3812634795904,501.0,403000,501.0,526.5075935510064
-6.007481091976166,-66.25761206054688,-6.0,-9.058042531250976e-05,0.012414119505065187,0.35565025179088117,0.0,0.0,0.0,0.47684987890720365,0.0,0.0,0.0,17.874696493148804,404.0,780.9741126850713,501.0,404000,501.0,510.5608859702681
-5.972025536060333,-66.33365676116944,-6.0,0.0003446955177932978,0.012383335912280434,0.3564488637894392,0.0,0.0,0.0,0.4768428039252758,0.0,0.0,0.0,17.863508462905884,405.0,784.4629743883852,501.0,405000,501.0,516.2637612525522
-5.965130416870117,-66.42544074630737,-6.0,0.0004196037448709831,0.012032569116560895,0.35765316684544085,0.0,0.0,0.0,0.4717874862253666,0.0,0.0,0.0,17.81521439552307,406.0,821.6644643619657,501.0,406000,501.0,532.8037318413741
-6.0479063873291015,-66.51283674621583,-6.0,-0.0005740377384790918,0.012066020100912515,0.361497854873538,0.0,0.0,0.0,0.4753803322613239,0.0,0.0,0.0,17.864866018295288,407.0,829.2283046469092,501.0,407000,501.0,526.1070529749624
-6.0011792345047,-66.5370746383667,-6.0,-1.2420391503837892e-05,0.012237920494582204,0.36007745523750784,0.0,0.0,0.0,0.4666749391555786,0.0,0.0,0.0,17.84095573425293,408.0,813.1444079019129,501.0,408000,501.0,518.9453239394902
-6.002392501354217,-66.57058279418945,-6.0,-2.7096979843918235e-05,0.012288069258501098,0.3617065713405609,0.0,0.0,0.0,0.47082650250196456,0.0,0.0,0.0,17.817354202270508,409.0,796.2837007883936,501.0,409000,501.0,486.5868046403743
-5.980367094516754,-66.67637748718262,-6.0,0.00024082529166480528,0.01222789559695425,0.36519543278217315,0.0,0.0,0.0,0.4712380751520395,0.0,0.0,0.0,17.76426100730896,410.0,811.4925439730287,501.0,410000,501.0,510.4372475977814
-6.050138033866882,-66.73014399719239,-6.0,-0.0006151910646003671,0.012246188163077262,0.36445688337087634,0.0,0.0,0.0,0.47357906845211983,0.0,0.0,0.0,27.430737257003784,411.0,816.7944533884292,501.0,411000,501.0,522.9716639397752
-5.956260083198547,-66.83485816192626,-6.0,0.0005414572167501319,0.012239675036339437,0.36852037511765956,0.0,0.0,0.0,0.4673669192790985,0.0,0.0,0.0,17.807905197143555,412.0,821.2084119766951,501.0,412000,501.0,511.71134399838843
-6.001616093635559,-66.86895641326905,-6.0,-1.751137321116403e-05,0.012194541753068082,0.3677802496999502,0.0,0.0,0.0,0.47115157210826875,0.0,0.0,0.0,17.800647974014282,413.0,783.9526660132688,501.0,413000,501.0,508.14366671825314
-5.99396491765976,-66.9354630355835,-6.0,7.551699309260584e-05,0.012172951526809105,0.36930222879350183,0.0,0.0,0.0,0.47338419553637506,0.0,0.0,0.0,17.88516116142273,414.0,807.50401199935,501.0,414000,501.0,512.1378770061058
-5.971651425838471,-67.01213822937012,-6.0,0.0003421058689709753,0.011984953102605158,0.3682454078346491,0.0,0.0,0.0,0.49118843823671343,0.0,0.0,0.0,17.90233612060547,415.0,809.777632266283,501.0,415000,501.0,510.6274183000338
-6.010097438335419,-67.05935509490966,-6.0,-0.00011807021684944629,0.01192778853661334,0.3703853374421597,0.0,0.0,0.0,0.47906121811270713,0.0,0.0,0.0,17.844046354293823,416.0,825.0441514076665,501.0,416000,501.0,532.0524132954149
-5.992425768852234,-67.1602833328247,-6.0,9.210899517347571e-05,0.012010113767369995,0.37018834479153157,0.0,0.0,0.0,0.47625331458449366,0.0,0.0,0.0,17.834205389022827,417.0,816.6549308933318,501.0,417000,501.0,525.8325901135967
-6.003017775058746,-67.1923109741211,-6.0,-3.3527094390592537e-05,0.01185362824628655,0.37034205296635625,0.0,0.0,0.0,0.46387248709797857,0.0,0.0,0.0,17.86538791656494,418.0,800.3481122795492,501.0,418000,501.0,510.61157031069115
-6.024739438056946,-67.23142491149902,-6.0,-0.000294857521133963,0.012086262665888272,0.3716208059936762,0.0,0.0,0.0,0.46444323840737345,0.0,0.0,0.0,17.845683813095093,419.0,810.8487661455292,501.0,419000,501.0,521.3248664145868
-5.991094834327698,-67.25769251251221,-6.0,0.0001094990917481482,0.012031482668113751,0.3715325927734375,0.0,0.0,0.0,0.46510005423426626,0.0,0.0,0.0,17.80390977859497,420.0,815.3487599883229,501.0,420000,501.0,519.6697771501348
-5.996132155418396,-67.38187605285644,-6.0,4.8521996213821693e-05,0.012077758252573649,0.3759070880562067,0.0,0.0,0.0,0.46812376447021964,0.0,0.0,0.0,27.445090532302856,421.0,806.3690104093403,501.0,421000,501.0,523.1320485146539
-5.974406679153442,-67.39198022460937,-6.0,0.00030625226664415095,0.01193068397271959,0.3759278493821621,0.0,0.0,0.0,0.46169150590896607,0.0,0.0,0.0,17.766756772994995,422.0,816.2447379417717,501.0,422000,501.0,529.4334059864226
-5.936598837375641,-67.43138261413574,-6.0,0.0007333492832258344,0.011675237322117709,0.377423078134656,0.0,0.0,0.0,0.4526551447063685,0.0,0.0,0.0,17.74093270301819,423.0,796.9437547288835,501.0,423000,501.0,507.0156807516817
-6.008732694149018,-67.45602452850342,-6.0,-9.759500141080934e-05,0.011329547606104592,0.3770204907953739,0.0,0.0,0.0,0.45426198916137217,0.0,0.0,0.0,17.835550546646118,424.0,835.0474076122046,501.0,424000,501.0,533.3779667854159
-6.007917278766632,-67.49004685974121,-6.0,-8.872869797050954e-05,0.011467229968371954,0.37797481533885,0.0,0.0,0.0,0.4460829721689224,0.0,0.0,0.0,17.89178967475891,425.0,806.122304395918,501.0,425000,501.0,516.7605631586185
-6.020510603427887,-67.55207348632813,-6.0,-0.0002342170041811187,0.011547871097275944,0.3799963006675243,0.0,0.0,0.0,0.45389391584694383,0.0,0.0,0.0,17.84706687927246,426.0,806.1193353049457,501.0,426000,501.0,528.0158119385834
-6.016569680690766,-67.57299181365967,-6.0,-0.00019118595086911228,0.011552583954548426,0.37877551330626014,0.0,0.0,0.0,0.4415486393868923,0.0,0.0,0.0,17.788750171661377,427.0,809.9636583961546,501.0,427000,501.0,505.93537318600767
-6.002624772548676,-67.62841156768799,-6.0,-2.8931174892932176e-05,0.011755625950219667,0.3837211922556162,0.0,0.0,0.0,0.4636704428792,0.0,0.0,0.0,17.8109130859375,428.0,800.0911510819569,501.0,428000,501.0,505.4091932828328
-6.020080483436584,-67.68343910217285,-6.0,-0.00023546721220191102,0.011877920529131402,0.38186512142419815,0.0,0.0,0.0,0.4571282900571823,0.0,0.0,0.0,17.864853382110596,429.0,832.232391834259,501.0,429000,501.0,534.5100632619791
-6.003641097068787,-67.79297395324707,-6.0,-4.1321618133224544e-05,0.01180796369465164,0.385254482164979,0.0,0.0,0.0,0.46006674398481845,0.0,0.0,0.0,17.897682905197144,430.0,823.0365352705121,501.0,430000,501.0,528.0111236973745
-6.001344051837921,-67.81459118652344,-6.0,-1.4114271907601506e-05,0.011996534039501006,0.38355539652705195,0.0,0.0,0.0,0.4633594585955143,0.0,0.0,0.0,27.318429470062256,431.0,818.49238042254,501.0,431000,501.0,530.036948210739
-6.009622476577759,-67.87537842559814,-6.0,-0.0001131798430433264,0.011969964497021346,0.3865272645950317,0.0,0.0,0.0,0.4702681432366371,0.0,0.0,0.0,17.87998914718628,432.0,819.0350923649967,501.0,432000,501.0,512.442859423142
-5.973372208595276,-67.92333248901367,-6.0,0.0003195413679350168,0.012002568317803787,0.3848332617729902,0.0,0.0,0.0,0.4542394727766514,0.0,0.0,0.0,17.90665626525879,433.0,831.8934735432267,501.0,433000,501.0,529.8243793740583
-5.96707745552063,-67.99481038665772,-6.0,0.0003863538676378084,0.011621470199598407,0.3870904918313026,0.0,0.0,0.0,0.46003641694784164,0.0,0.0,0.0,17.836447715759277,434.0,800.8285594866611,501.0,434000,501.0,506.6006287096412
-6.013999702453614,-68.05086810302734,-6.0,-0.00015990160225192086,0.011630768904826932,0.38805937115848066,0.0,0.0,0.0,0.4604501098245382,0.0,0.0,0.0,17.8410222530365,435.0,831.6938653886318,501.0,435000,501.0,533.1257653808358
-5.989265211105347,-68.07366035461426,-6.0,0.000127071718510706,0.011701975589823823,0.3881252331584692,0.0,0.0,0.0,0.44462420596182345,0.0,0.0,0.0,17.84865665435791,436.0,831.6702209711075,501.0,436000,501.0,530.4980459397693
-6.013637313365936,-68.13429971313477,-6.0,-0.00015636183059541508,0.011542620786338605,0.3903094243705273,0.0,0.0,0.0,0.4503501997292042,0.0,0.0,0.0,17.87559461593628,437.0,-254.08448023628443,501.0,437000,501.0,21.071232210245373
-6.026520444393158,-68.16877130889893,-6.0,-0.0003104135887406301,0.011866862036838217,0.3896893671452999,0.0,0.0,0.0,0.4535103180408478,0.0,0.0,0.0,17.829808235168457,438.0,837.0087164379656,501.0,438000,501.0,541.5115942452373
-6.006967369556427,-68.2273598022461,-6.0,-8.078150946676032e-05,0.011941634937763951,0.3932604605555534,0.0,0.0,0.0,0.46038230882585046,0.0,0.0,0.0,17.833553791046143,439.0,804.2377549977973,501.0,439000,501.0,502.5168937504072
-5.9894193162918095,-68.25930743408203,-6.0,0.00012841483461670578,0.012014400116905417,0.39072754737734794,0.0,0.0,0.0,0.46808569057285787,0.0,0.0,0.0,17.805094003677368,440.0,743.9081374322996,501.0,440000,501.0,480.66307335997783
-5.949893888473511,-68.35414080047607,-6.0,0.0005865623741556191,0.011642335109659816,0.3936360559761524,0.0,0.0,0.0,0.4717506567835808,0.0,0.0,0.0,27.368741273880005,441.0,829.8147951290011,501.0,441000,501.0,531.6982849327328
-5.992787795066834,-68.39831885528564,-6.0,8.46158193598967e-05,0.011580893313392003,0.39439727997779844,0.0,0.0,0.0,0.4582501118928194,0.0,0.0,0.0,17.85385251045227,442.0,796.5525080692023,501.0,442000,501.0,493.38581387343476
-5.965327578544617,-68.43308086395264,-6.0,0.0003925676949729677,0.01111854133887607,0.39320932832360267,0.0,0.0,0.0,0.45260832051932814,0.0,0.0,0.0,17.812803745269775,443.0,788.0103983706795,501.0,443000,501.0,495.7165142700386
-5.99432616519928,-68.41685363769531,-6.0,6.487994708004408e-05,0.011079708297397161,0.3954762443304062,0.0,0.0,0.0,0.44571970380842685,0.0,0.0,0.0,17.83883237838745,444.0,798.6251408834942,501.0,444000,501.0,521.389528899034
-6.008335371494293,-68.47247932434082,-6.0,-9.098743586218916e-05,0.01107621702972756,0.3984533756375313,0.0,0.0,0.0,0.44216282525658607,0.0,0.0,0.0,17.843685388565063,445.0,790.5028843940236,501.0,445000,501.0,502.8611441499351
-5.995772607326508,-68.46390046691894,-6.0,4.8230301617877556e-05,0.011133663580895927,0.39684463465213776,0.0,0.0,0.0,0.4442604356110096,0.0,0.0,0.0,17.807235956192017,446.0,825.1225369609892,501.0,446000,501.0,525.2378563103221
-6.040584572792053,-68.52855151367187,-6.0,-0.0004570894960343139,0.011275997756977525,0.3987640926092863,0.0,0.0,0.0,0.44592628061771394,0.0,0.0,0.0,17.772554636001587,447.0,797.5337363574654,501.0,447000,501.0,513.283753882444
-6.0337555603981015,-68.56600281524658,-6.0,-0.0003900892261153786,0.011649732725639534,0.39904316809773444,0.0,0.0,0.0,0.44913746815919875,0.0,0.0,0.0,17.83398199081421,448.0,813.6877688225359,501.0,448000,501.0,522.2130670021
-6.015060797214508,-68.67831047058105,-6.0,-0.0001755848290049471,0.011920448294623479,0.3998089197278023,0.0,0.0,0.0,0.46071441620588305,0.0,0.0,0.0,17.85392928123474,449.0,833.1565313488245,501.0,449000,501.0,535.8360127142206
-5.973168975353241,-68.72091822814942,-6.0,0.00031744068906118625,0.01186409314116175,0.39869281770288945,0.0,0.0,0.0,0.47334773348271847,0.0,0.0,0.0,17.871142148971558,450.0,814.0017452491447,501.0,450000,501.0,519.2289308199655
-6.021456301689148,-68.86565071105957,-6.0,-0.00025012252750457266,0.011733006637252508,0.4023398028165102,0.0,0.0,0.0,0.47305839410424233,0.0,0.0,0.0,27.284873962402344,451.0,800.132661478594,501.0,451000,501.0,513.5669956677872
-5.976439241886139,-68.90362622833251,-6.0,0.0002782226136769168,0.011652926742813418,0.4015470088422298,0.0,0.0,0.0,0.46620148757100105,0.0,0.0,0.0,17.81131649017334,452.0,814.3667869921774,501.0,452000,501.0,513.7456970466347
-5.977415961265564,-68.9797493057251,-6.0,0.0002627253646060126,0.011534983631949504,0.40514891290664673,0.0,0.0,0.0,0.4605942836254835,0.0,0.0,0.0,17.811721563339233,453.0,808.3423425517976,501.0,453000,501.0,523.812876840191
-5.985203853607178,-68.97782897949219,-6.0,0.00017061106843175366,0.011354318389950631,0.4024552343189716,0.0,0.0,0.0,0.45184144501388074,0.0,0.0,0.0,17.78537392616272,454.0,831.609126880765,501.0,454000,501.0,523.7507292096612
-5.985282930850983,-69.03633013916016,-6.0,0.00016817719594109802,0.011293034535614482,0.40634890450537203,0.0,0.0,0.0,0.4411324651390314,0.0,0.0,0.0,17.79853630065918,455.0,809.3691078800475,501.0,455000,501.0,500.8602649750102
-5.991644636631012,-69.05709307098388,-6.0,9.592225786764174e-05,0.011133544178886057,0.40730319696664813,0.0,0.0,0.0,0.43358460007607935,0.0,0.0,0.0,17.858349561691284,456.0,793.1060738427332,501.0,456000,501.0,481.6209719282173
-5.977254456996918,-69.07442044067383,-6.0,0.00025320696213748304,0.011160482900181751,0.4071154556572437,0.0,0.0,0.0,0.4267809708416462,0.0,0.0,0.0,17.91836953163147,457.0,833.8688525259495,501.0,457000,501.0,532.9354764215198
-6.002221927642823,-69.10812079620361,-6.0,-2.274396277789492e-05,0.010989470476649985,0.40803749817609786,0.0,0.0,0.0,0.4283378318548203,0.0,0.0,0.0,17.755857944488525,458.0,829.4959801584482,501.0,458000,501.0,530.5065122777909
-6.028257998466492,-69.14537227630615,-6.0,-0.0003119161757349502,0.011106239069605535,0.4088533058166504,0.0,0.0,0.0,0.43097922767698765,0.0,0.0,0.0,17.783166885375977,459.0,809.1843128834589,501.0,459000,501.0,523.8585825728429
-6.035994342803955,-69.17285781097412,-6.0,-0.00040717332882923076,0.011324632153723618,0.4098976668417454,0.0,0.0,0.0,0.43351188376545907,0.0,0.0,0.0,17.8655047416687,460.0,821.317261479795,501.0,460000,501.0,513.660345670124
-6.025548336982727,-69.23852725219727,-6.0,-0.000293896443923586,0.011462463976156688,0.4097874041497707,0.0,0.0,0.0,0.43992173197865486,0.0,0.0,0.0,27.318482637405396,461.0,826.0423640869558,501.0,461000,501.0,523.0294420246643
-5.968060609340668,-69.33395712280273,-6.0,0.000371983387041837,0.011547297009005978,0.41326791322231293,0.0,0.0,0.0,0.4390046760439873,0.0,0.0,0.0,17.81817054748535,462.0,829.4882514774799,501.0,462000,501.0,517.3290276000262
-6.02178763961792,-69.37202600860596,-6.0,-0.0002495205346203875,0.011476781948063336,0.4103608432710171,0.0,0.0,0.0,0.4434146473407745,0.0,0.0,0.0,17.83684992790222,463.0,822.061241177842,501.0,463000,501.0,523.0804154341885
-5.934724675655365,-69.4796421508789,-6.0,0.0007446044917451218,0.011329801707590148,0.41377348893880844,0.0,0.0,0.0,0.43714849378168585,0.0,0.0,0.0,17.828453302383423,464.0,833.8343602549285,501.0,464000,501.0,540.0504296251321
-5.9834762654304505,-69.53136689758301,-6.0,0.00018424349413544405,0.01106140371641607,0.41342057240009306,0.0,0.0,0.0,0.42788066148757936,0.0,0.0,0.0,17.807386875152588,465.0,831.6409778371453,501.0,465000,501.0,515.9213114030796
-6.040570524215698,-69.5063804550171,-6.0,-0.00045030917442636563,0.011010033313727883,0.4138650151491165,0.0,0.0,0.0,0.43220777897536755,0.0,0.0,0.0,17.850552797317505,466.0,805.335726428777,501.0,466000,501.0,520.358607118536
-5.964492835044861,-69.5861116027832,-6.0,0.00039811322069726885,0.011177679858972615,0.4139880341887474,0.0,0.0,0.0,0.43828875260055067,0.0,0.0,0.0,17.851539850234985,467.0,803.4967576581985,501.0,467000,501.0,502.0201992283645
-6.001526492118836,-69.63259295654296,-6.0,-1.5361046826001258e-05,0.0109707095423377,0.41526230055093766,0.0,0.0,0.0,0.428509792804718,0.0,0.0,0.0,17.8647038936615,468.0,828.3625206314027,501.0,468000,501.0,525.2708983187003
-6.0096190032958985,-69.62765703582764,-6.0,-0.00010473032749723642,0.011058864336315042,0.4140869497656822,0.0,0.0,0.0,0.443100972443819,0.0,0.0,0.0,17.929879426956177,469.0,815.3010006034747,501.0,469000,501.0,506.2073711500974
-6.018762159347534,-69.69392674255371,-6.0,-0.0002079294017457869,0.011176691212427146,0.4174816220402718,0.0,0.0,0.0,0.4322426474094391,0.0,0.0,0.0,18.0103919506073,470.0,775.5067864443408,501.0,470000,501.0,494.2306325652401
-6.015605634212494,-69.78684307861329,-6.0,-0.00017430307588074356,0.011265659130103444,0.4197344655096531,0.0,0.0,0.0,0.4390886183381081,0.0,0.0,0.0,27.48195242881775,471.0,826.8347239941359,501.0,471000,501.0,515.7659614301582
-5.970582951545715,-69.77818854522705,-6.0,0.000334136194025632,0.011320703976144911,0.4181872512996197,0.0,0.0,0.0,0.4463885296881199,0.0,0.0,0.0,17.996310472488403,472.0,803.7531458623707,501.0,472000,501.0,509.338173416015
-5.966676671981811,-69.85479621887207,-6.0,0.0003693655297392979,0.011003694147964154,0.42077454301714895,0.0,0.0,0.0,0.43417870783805845,0.0,0.0,0.0,17.95942234992981,473.0,809.5208748336881,501.0,473000,501.0,523.5737353732877
-5.991974171161652,-69.93711434936523,-6.0,8.90277328871889e-05,0.010995395691414224,0.4231908833384514,0.0,0.0,0.0,0.4084248349219561,0.0,0.0,0.0,17.937752723693848,474.0,833.6023941040039,501.0,474000,501.0,528.3398202567166
-6.019922170639038,-69.93955251312256,-6.0,-0.00021605041800648906,0.010934329796010368,0.42287043660879137,0.0,0.0,0.0,0.42155678440630434,0.0,0.0,0.0,17.939070463180542,475.0,816.4460509587079,501.0,475000,501.0,516.9803583957518
-5.978395550251007,-69.97436603546143,-6.0,0.00023757546560955234,0.010968998730470017,0.42453324708342555,0.0,0.0,0.0,0.41678221215307715,0.0,0.0,0.0,18.002023935317993,476.0,819.3982389420271,501.0,476000,501.0,504.57587967625363
-6.018777949333191,-69.99366644287109,-6.0,-0.00020292779873125254,0.010995040165287644,0.4247812667787075,0.0,0.0,0.0,0.4200913911908865,0.0,0.0,0.0,17.984517097473145,477.0,822.6429177317768,501.0,477000,501.0,510.4718129709277
-6.016543991088867,-70.04617194366455,-6.0,-0.00018102341502526542,0.010973079672987536,0.42437688186764716,0.0,0.0,0.0,0.42622037208080293,0.0,0.0,0.0,18.006489992141724,478.0,827.2316529601812,501.0,478000,501.0,499.0985666519404
-5.989922119140625,-70.07221184539794,-6.0,0.00011396452532790136,0.010989578118247556,0.4272156639099121,0.0,0.0,0.0,0.4203626197874546,0.0,0.0,0.0,18.024970769882202,479.0,832.6021184325218,501.0,479000,501.0,513.5539149203302
-5.975296685218811,-70.11007011413574,-6.0,0.00027153553112293594,0.010965783721258514,0.428008432328701,0.0,0.0,0.0,0.41916067534685136,0.0,0.0,0.0,17.93667769432068,480.0,826.0882516689599,501.0,480000,501.0,512.1055706957908
-6.009848182678223,-70.15346332550048,-6.0,-0.00010559964820276946,0.010871620941203345,0.42836850905418394,0.0,0.0,0.0,0.40900293880701066,0.0,0.0,0.0,27.61666202545166,481.0,830.0674028545618,501.0,481000,501.0,521.7589315477346
-6.005012347698211,-70.24048992919921,-6.0,-5.304367473581806e-05,0.010956644950017122,0.4309119255244732,0.0,0.0,0.0,0.40827710390090943,0.0,0.0,0.0,17.922499179840088,482.0,821.4181257411838,501.0,482000,501.0,504.3788277441306
-6.017764528751373,-70.29273797607422,-6.0,-0.00019376327373902313,0.01094445190292403,0.4304646253287792,0.0,0.0,0.0,0.42697898821532726,0.0,0.0,0.0,17.880372524261475,483.0,832.3308921195567,501.0,483000,501.0,524.5903063812594
-5.975875587940216,-70.30249643707275,-6.0,0.0002670062046381645,0.0109483315485099,0.42819589415192605,0.0,0.0,0.0,0.4050686723142862,0.0,0.0,0.0,17.903850078582764,484.0,827.6228389691096,501.0,484000,501.0,520.3344351996468
-5.99160566854477,-70.36273471832276,-6.0,9.277558137546294e-05,0.01093375529676173,0.4307241689264774,0.0,0.0,0.0,0.4056583366841078,0.0,0.0,0.0,17.88685441017151,485.0,822.1395992711186,501.0,485000,501.0,510.33146506289785
-5.97425967168808,-70.42709914398193,-6.0,0.0002787694261205615,0.010773074049817607,0.4302485444843769,0.0,0.0,0.0,0.4030061095505953,0.0,0.0,0.0,17.95694661140442,486.0,826.8226781859994,501.0,486000,501.0,515.162981969447
-5.969692716121673,-70.43565141296386,-6.0,0.0003214068220404442,0.010638198640402548,0.43210579138994215,0.0,0.0,0.0,0.41204011476039887,0.0,0.0,0.0,17.974010705947876,487.0,820.4548074849881,501.0,487000,501.0,511.38862626460843
-6.011799869060517,-70.48976403808594,-6.0,-0.00012238906892889645,0.010421048602043058,0.4329522246718407,0.0,0.0,0.0,0.4061623974144459,0.0,0.0,0.0,17.894752264022827,488.0,828.6973089044914,501.0,488000,501.0,520.0523510176507
-6.029938530445099,-70.49267315673828,-6.0,-0.00031594101688824593,0.010640054403862367,0.43326471355557444,0.0,0.0,0.0,0.3924763286262751,0.0,0.0,0.0,17.933211088180542,489.0,814.1911482065916,501.0,489000,501.0,502.3582485844732
-6.005369949817657,-70.5633462600708,-6.0,-5.661827487347182e-05,0.01070108877265983,0.4348089486062527,0.0,0.0,0.0,0.397411665931344,0.0,0.0,0.0,17.938726663589478,490.0,840.6218697428703,501.0,490000,501.0,522.6289897089808
-6.022304756164551,-70.61392917633057,-6.0,-0.00024071028431353625,0.01077973241291958,0.43723228919506074,0.0,0.0,0.0,0.40926530161499974,0.0,0.0,0.0,27.461187601089478,491.0,838.9434182085097,501.0,491000,501.0,527.9164152125776
-6.00601739692688,-70.67044880676269,-6.0,-6.459543938399292e-05,0.010957856911111764,0.43616184198856356,0.0,0.0,0.0,0.4133288491219282,0.0,0.0,0.0,17.83172106742859,492.0,827.789239615202,501.0,492000,501.0,507.68674141492494
-5.9782715821266175,-70.73651156616211,-6.0,0.0002384812016680371,0.010886375704047112,0.4376285742819309,0.0,0.0,0.0,0.4143921551704407,0.0,0.0,0.0,17.954859972000122,493.0,838.1288619115949,501.0,493000,501.0,516.1427169127045
-5.985291595935822,-70.82697396850585,-6.0,0.0001605326374992728,0.010714472930696172,0.4416585521399975,0.0,0.0,0.0,0.4106794898211956,0.0,0.0,0.0,17.877291440963745,494.0,826.5464961528778,501.0,494000,501.0,518.9008246382343
-6.037438096523285,-70.8014372177124,-6.0,-0.0004037871086620726,0.010808410043062515,0.4379597016274929,0.0,0.0,0.0,0.4244076539725065,0.0,0.0,0.0,17.89263129234314,495.0,833.4714981503785,501.0,495000,501.0,507.94664438047363
-5.958969463825226,-70.86124810028076,-6.0,0.0004461782437865622,0.010760227220890987,0.44001571682095525,0.0,0.0,0.0,0.42242235435545444,0.0,0.0,0.0,17.902990341186523,496.0,815.5837003085762,501.0,496000,501.0,515.3634958715626
-5.95323520565033,-70.86610807037354,-6.0,0.0004942505960352719,0.010518669782897953,0.43997861552238465,0.0,0.0,0.0,0.403195611089468,0.0,0.0,0.0,17.95916509628296,497.0,839.6857998073101,501.0,497000,501.0,513.2273273948177
-5.981178531646728,-70.8558784790039,-6.0,0.00019521357232588342,0.010270055602825469,0.44092219066619875,0.0,0.0,0.0,0.3954660594314337,0.0,0.0,0.0,17.87457799911499,498.0,813.2816542871296,501.0,498000,501.0,512.4038870653751
-5.977282032966614,-70.84574768066406,-6.0,0.0002326331995864166,0.010226796877908385,0.4443990702629089,0.0,0.0,0.0,0.4012658952921629,0.0,0.0,0.0,17.775200605392456,499.0,809.1501954346895,501.0,499000,501.0,511.48118955061045
